2025-06-14 11:53:25.434 +02:00 [INF] =============== Start hud at 6/14/2025 11:53:25 AM ===============
2025-06-14 11:53:25.566 +02:00 [INF] PerfTimer =-> Create new offsets (77.1357 ms) Thread #[1]
2025-06-14 11:53:26.466 +02:00 [INF] PerfTimer =-> Load manual fonts (1.2062 ms) Thread #[1]
2025-06-14 11:53:26.466 +02:00 [INF] PerfTimer =-> DX11 Load (2.4678 ms) Thread #[1]
2025-06-14 11:53:26.999 +02:00 [VRB] FileRoot: 7ff61a04db08
2025-06-14 11:53:27.000 +02:00 [VRB] AreaChangeCount: 7ff6191ebee0
2025-06-14 11:53:27.000 +02:00 [VRB] GameStateOffset: 7ff619ed8c88
2025-06-14 11:53:27.000 +02:00 [VRB] DiagnosticInfoTypeOffset: 7ff616d1ff0f
2025-06-14 11:53:27.073 +02:00 [INF] PerfTimer =-> Load files from memory (31.2346 ms) Thread #[1]
2025-06-14 11:53:27.281 +02:00 [WRN] TreeRoutine.Routine.BuildYourOwnRoutine.BuildYourOwnRoutineSettings:TreeRoutine.Routine.BuildYourOwnRoutine.Flask.FlaskSetting[]:FlaskSettings TreeRoutine.Routine.BuildYourOwnRoutine.Flask.FlaskSetting[] is not a supported settings element. This is probably a bug in the plugin.
2025-06-14 11:53:27.284 +02:00 [WRN] TreeRoutine.Routine.BuildYourOwnRoutine.BuildYourOwnRoutineSettings:System.Numerics.Vector2:LastSettingPos <0, 0> is not a supported settings element. This is probably a bug in the plugin.
2025-06-14 11:53:27.284 +02:00 [WRN] TreeRoutine.Routine.BuildYourOwnRoutine.BuildYourOwnRoutineSettings:System.Numerics.Vector2:LastSettingSize <0, 0> is not a supported settings element. This is probably a bug in the plugin.
2025-06-14 11:53:27.287 +02:00 [WRN] TreeRoutine.Routine.BasicFlaskRoutine.BasicFlaskRoutineSettings:TreeRoutine.Routine.BasicFlaskRoutine.Flask.FlaskSetting[]:FlaskSettings TreeRoutine.Routine.BasicFlaskRoutine.Flask.FlaskSetting[] is not a supported settings element. This is probably a bug in the plugin.
2025-06-14 11:53:27.696 +02:00 [WRN] FullRareSetManager.FullRareSetManagerSettings:System.Int32:SetsAmountStatistics 0 is not a supported settings element. This is probably a bug in the plugin.
2025-06-14 11:53:27.813 +02:00 [INF] PerfTimer =-> Preload stats and mods (739.6665 ms) Thread #[18]
2025-06-14 11:53:27.944 +02:00 [WRN] MinimapIcons.MapIconsSettings:System.Single:SizeDefaultIcon 16 is not a supported settings element. This is probably a bug in the plugin.
2025-06-14 11:53:28.449 +02:00 [WRN] PickIt.PickItSettings:System.String:NormalRuleFile  is not a supported settings element. This is probably a bug in the plugin.
2025-06-14 11:53:28.449 +02:00 [WRN] PickIt.PickItSettings:System.String:MagicRuleFile  is not a supported settings element. This is probably a bug in the plugin.
2025-06-14 11:53:28.449 +02:00 [WRN] PickIt.PickItSettings:System.String:RareRuleFile  is not a supported settings element. This is probably a bug in the plugin.
2025-06-14 11:53:28.449 +02:00 [WRN] PickIt.PickItSettings:System.String:UniqueRuleFile  is not a supported settings element. This is probably a bug in the plugin.
2025-06-14 11:53:28.449 +02:00 [WRN] PickIt.PickItSettings:System.String:WeightRuleFile  is not a supported settings element. This is probably a bug in the plugin.
2025-06-14 11:53:28.449 +02:00 [WRN] PickIt.PickItSettings:System.String:IgnoreRuleFile  is not a supported settings element. This is probably a bug in the plugin.
2025-06-14 11:53:28.449 +02:00 [WRN] PickIt.PickItSettings:System.Numerics.Vector2:InventorySlotsVector2 <0, 0> is not a supported settings element. This is probably a bug in the plugin.
2025-06-14 11:53:28.449 +02:00 [WRN] PickIt.PickItSettings:PickIt.PickItSettings+FRSMOverrides:FullRareSetManagerPickupOverrides PickIt.PickItSettings+FRSMOverrides is not a supported settings element. This is probably a bug in the plugin.
2025-06-14 11:53:28.786 +02:00 [WRN] Stashie.StashieSettings:System.Int32[,]:IgnoredCells System.Int32[,] is not a supported settings element. This is probably a bug in the plugin.
2025-06-14 11:53:28.934 +02:00 [INF] PerfTimer =-> Plugin loader (1844.5549 ms) Thread #[1]
2025-06-14 11:53:28.998 +02:00 [INF] Pattern: BlackBarSize -> : Time: 3.7592 ms. Offset:[4566359] Started searching offset with:0
2025-06-14 11:53:28.998 +02:00 [INF] Pattern: Game State -> : Time: 4.1766 ms. Offset:[853726] Started searching offset with:0
2025-06-14 11:53:28.998 +02:00 [INF] Pattern: DiagnosticInfoType -> : Time: 18.3857 ms. Offset:[0] Started searching offset with:0
2025-06-14 11:53:28.998 +02:00 [INF] Pattern: Area change -> : Time: 27.4434 ms. Offset:[12637764] Started searching offset with:0
2025-06-14 11:53:28.998 +02:00 [INF] Pattern: Terrain Rotation Selector -> : Time: 57.2437 ms. Offset:[28184863] Started searching offset with:0
2025-06-14 11:53:28.998 +02:00 [INF] Pattern: Terrain Rotator Helper -> : Time: 57.8734 ms. Offset:[28184863] Started searching offset with:0
2025-06-14 11:53:28.998 +02:00 [INF] Pattern: File Root -> : Time: 59.4516 ms. Offset:[32293715] Started searching offset with:0
2025-06-14 11:53:28.998 +02:00 [INF] Pattern scan done: 00:00:00.0625604
2025-06-14 11:53:28.998 +02:00 [INF] Area refresh triggered
2025-06-14 11:53:28.998 +02:00 [INF] Plugins from directory AdvancedTooltip loaded in 53 ms.
2025-06-14 11:53:28.998 +02:00 [INF] Plugins from directory AdvancedUberLabLayout loaded in 38 ms.
2025-06-14 11:53:28.998 +02:00 [INF] Plugins from directory AutoOpen loaded in 31 ms.
2025-06-14 11:53:28.998 +02:00 [INF] Plugins from directory AutoQuit loaded in 22 ms.
2025-06-14 11:53:28.998 +02:00 [INF] Plugins from directory BasicFlaskRoutine loaded in 49 ms.
2025-06-14 11:53:28.998 +02:00 [INF] Plugins from directory BuffUtil loaded in 63 ms.
2025-06-14 11:53:28.998 +02:00 [INF] Plugins from directory DevTree loaded in 113 ms.
2025-06-14 11:53:28.998 +02:00 [INF] Plugins from directory DPSMeter loaded in 67 ms.
2025-06-14 11:53:28.999 +02:00 [INF] Plugins from directory EliteBar loaded in 69 ms.
2025-06-14 11:53:28.999 +02:00 [INF] Plugins from directory FullRareSetManager loaded in 95 ms.
2025-06-14 11:53:28.999 +02:00 [INF] Plugins from directory HealthBars loaded in 81 ms.
2025-06-14 11:53:28.999 +02:00 [INF] Plugins from directory HeistIcons loaded in 38 ms.
2025-06-14 11:53:28.999 +02:00 [INF] Plugins from directory HighlightedItems loaded in 48 ms.
2025-06-14 11:53:28.999 +02:00 [INF] Plugins from directory MinimapIcons loaded in 78 ms.
2025-06-14 11:53:28.999 +02:00 [INF] Plugins from directory MiscInformation loaded in 45 ms.
2025-06-14 11:53:28.999 +02:00 [INF] Plugins from directory PassiveSkillTreePlanter loaded in 354 ms.
2025-06-14 11:53:28.999 +02:00 [INF] Plugins from directory PickIt loaded in 104 ms.
2025-06-14 11:53:28.999 +02:00 [INF] Plugins from directory PluginUpdater loaded in 98 ms.
2025-06-14 11:53:28.999 +02:00 [INF] Plugins from directory poe-plugin-willplug loaded in 48 ms.
2025-06-14 11:53:28.999 +02:00 [INF] Plugins from directory PreloadAlert loaded in 93 ms.
2025-06-14 11:53:28.999 +02:00 [INF] Plugins from directory Skill DPS loaded in 29 ms.
2025-06-14 11:53:28.999 +02:00 [INF] Plugins from directory Stashie loaded in 67 ms.
2025-06-14 11:53:28.999 +02:00 [INF] Plugins from directory XPBar loaded in 23 ms.
2025-06-14 11:53:28.999 +02:00 [INF] MiscInformation -> Initialise time: 1.9126 ms.
2025-06-14 11:53:28.999 +02:00 [INF] PreloadAlert -> Initialise time: 0.6316 ms.
2025-06-14 11:53:28.999 +02:00 [INF] HealthBars -> Initialise time: 6.4046 ms.
2025-06-14 11:53:28.999 +02:00 [INF] HighlightedItems -> Initialise time: 8.4304 ms.
2025-06-14 11:53:28.999 +02:00 [INF] MinimapIcons -> Initialise time: 26.7073 ms.
2025-06-14 11:53:28.999 +02:00 [INF] PluginUpdater -> Initialise time: 0.1433 ms.
2025-06-14 11:53:28.999 +02:00 [INF] Skill_DPS.Core -> Initialise time: 0.0046 ms.
2025-06-14 11:53:28.999 +02:00 [ERR] [Base Tree Routine Plugin] BaseTreeRoutinePlugin: Cannot find C:\gitrepos\poe_api_tehcheat\PoEHelper\Plugins\Compiled\poe-plugin-willplug/config/flaskinfo.json file. This plugin will exit.
2025-06-14 11:53:29.002 +02:00 [ERR] [Base Tree Routine Plugin] BaseTreeRoutinePlugin: Cannot find C:\gitrepos\poe_api_tehcheat\PoEHelper\Plugins\Compiled\poe-plugin-willplug/config/debuffPanel.json file. This plugin will exit.
2025-06-14 11:53:29.002 +02:00 [ERR] [Base Tree Routine Plugin] BaseTreeRoutinePlugin: Cannot find C:\gitrepos\poe_api_tehcheat\PoEHelper\Plugins\Compiled\poe-plugin-willplug/config/FlaskBuffDetails.json file. This plugin will exit.
2025-06-14 11:53:29.002 +02:00 [INF] Willplug -> Initialise time: 5.0071 ms.
2025-06-14 11:53:29.003 +02:00 [INF] XPBar -> Initialise time: 0.0332 ms.
2025-06-14 11:53:29.003 +02:00 [INF] Resize from: {X=0,Y=0,Width=3840,Height=2160} to {X=0,Y=730,Width=3840,Height=1430}
2025-06-14 11:53:29.003 +02:00 [INF] HUD loaded in 3699.8315 ms.
2025-06-14 11:53:42.588 +02:00 [INF] =============== Close hud at 6/14/2025 11:53:42 AM ===============
2025-06-14 11:54:32.252 +02:00 [INF] =============== Start hud at 6/14/2025 11:54:32 AM ===============
2025-06-14 11:54:32.278 +02:00 [INF] PerfTimer =-> Create new offsets (0.9402 ms) Thread #[1]
2025-06-14 11:54:32.547 +02:00 [INF] PerfTimer =-> Load manual fonts (0.4465 ms) Thread #[1]
2025-06-14 11:54:32.547 +02:00 [INF] PerfTimer =-> DX11 Load (1.3297 ms) Thread #[1]
2025-06-14 11:54:32.747 +02:00 [VRB] FileRoot: 7ff61a04db08
2025-06-14 11:54:32.747 +02:00 [VRB] AreaChangeCount: 7ff6191ebee0
2025-06-14 11:54:32.747 +02:00 [VRB] GameStateOffset: 7ff619ed8c88
2025-06-14 11:54:32.747 +02:00 [VRB] DiagnosticInfoTypeOffset: 7ff616d1ff0f
2025-06-14 11:54:32.805 +02:00 [INF] PerfTimer =-> Load files from memory (33.0528 ms) Thread #[1]
2025-06-14 11:54:32.856 +02:00 [WRN] TreeRoutine.Routine.BuildYourOwnRoutine.BuildYourOwnRoutineSettings:TreeRoutine.Routine.BuildYourOwnRoutine.Flask.FlaskSetting[]:FlaskSettings TreeRoutine.Routine.BuildYourOwnRoutine.Flask.FlaskSetting[] is not a supported settings element. This is probably a bug in the plugin.
2025-06-14 11:54:32.859 +02:00 [WRN] TreeRoutine.Routine.BuildYourOwnRoutine.BuildYourOwnRoutineSettings:System.Numerics.Vector2:LastSettingPos <0, 0> is not a supported settings element. This is probably a bug in the plugin.
2025-06-14 11:54:32.860 +02:00 [WRN] TreeRoutine.Routine.BuildYourOwnRoutine.BuildYourOwnRoutineSettings:System.Numerics.Vector2:LastSettingSize <0, 0> is not a supported settings element. This is probably a bug in the plugin.
2025-06-14 11:54:32.872 +02:00 [WRN] TreeRoutine.Routine.BasicFlaskRoutine.BasicFlaskRoutineSettings:TreeRoutine.Routine.BasicFlaskRoutine.Flask.FlaskSetting[]:FlaskSettings TreeRoutine.Routine.BasicFlaskRoutine.Flask.FlaskSetting[] is not a supported settings element. This is probably a bug in the plugin.
2025-06-14 11:54:32.914 +02:00 [WRN] FullRareSetManager.FullRareSetManagerSettings:System.Int32:SetsAmountStatistics 0 is not a supported settings element. This is probably a bug in the plugin.
2025-06-14 11:54:32.977 +02:00 [WRN] MinimapIcons.MapIconsSettings:System.Single:SizeDefaultIcon 16 is not a supported settings element. This is probably a bug in the plugin.
2025-06-14 11:54:33.469 +02:00 [WRN] PickIt.PickItSettings:System.String:NormalRuleFile  is not a supported settings element. This is probably a bug in the plugin.
2025-06-14 11:54:33.469 +02:00 [WRN] PickIt.PickItSettings:System.String:MagicRuleFile  is not a supported settings element. This is probably a bug in the plugin.
2025-06-14 11:54:33.469 +02:00 [WRN] PickIt.PickItSettings:System.String:RareRuleFile  is not a supported settings element. This is probably a bug in the plugin.
2025-06-14 11:54:33.469 +02:00 [WRN] PickIt.PickItSettings:System.String:UniqueRuleFile  is not a supported settings element. This is probably a bug in the plugin.
2025-06-14 11:54:33.469 +02:00 [WRN] PickIt.PickItSettings:System.String:WeightRuleFile  is not a supported settings element. This is probably a bug in the plugin.
2025-06-14 11:54:33.469 +02:00 [WRN] PickIt.PickItSettings:System.String:IgnoreRuleFile  is not a supported settings element. This is probably a bug in the plugin.
2025-06-14 11:54:33.469 +02:00 [WRN] PickIt.PickItSettings:System.Numerics.Vector2:InventorySlotsVector2 <0, 0> is not a supported settings element. This is probably a bug in the plugin.
2025-06-14 11:54:33.469 +02:00 [WRN] PickIt.PickItSettings:PickIt.PickItSettings+FRSMOverrides:FullRareSetManagerPickupOverrides PickIt.PickItSettings+FRSMOverrides is not a supported settings element. This is probably a bug in the plugin.
2025-06-14 11:54:33.553 +02:00 [WRN] Stashie.StashieSettings:System.Int32[,]:IgnoredCells System.Int32[,] is not a supported settings element. This is probably a bug in the plugin.
2025-06-14 11:54:33.634 +02:00 [INF] PerfTimer =-> Plugin loader (810.0692 ms) Thread #[1]
2025-06-14 11:54:33.635 +02:00 [INF] PerfTimer =-> Preload stats and mods (829.8081 ms) Thread #[18]
2025-06-14 11:54:33.662 +02:00 [INF] Pattern: BlackBarSize -> : Time: 2.3753 ms. Offset:[4566359] Started searching offset with:0
2025-06-14 11:54:33.663 +02:00 [INF] Pattern: Game State -> : Time: 3.3229 ms. Offset:[853726] Started searching offset with:0
2025-06-14 11:54:33.663 +02:00 [INF] Pattern: Area change -> : Time: 21.4519 ms. Offset:[12637764] Started searching offset with:0
2025-06-14 11:54:33.663 +02:00 [INF] Pattern: DiagnosticInfoType -> : Time: 25.8017 ms. Offset:[0] Started searching offset with:0
2025-06-14 11:54:33.663 +02:00 [INF] Pattern: Terrain Rotator Helper -> : Time: 41.7218 ms. Offset:[28184863] Started searching offset with:0
2025-06-14 11:54:33.663 +02:00 [INF] Pattern: Terrain Rotation Selector -> : Time: 42.0655 ms. Offset:[28184863] Started searching offset with:0
2025-06-14 11:54:33.663 +02:00 [INF] Pattern: File Root -> : Time: 44.1135 ms. Offset:[32293715] Started searching offset with:0
2025-06-14 11:54:33.663 +02:00 [INF] Pattern scan done: 00:00:00.0479156
2025-06-14 11:54:33.663 +02:00 [INF] Area refresh triggered
2025-06-14 11:54:33.663 +02:00 [INF] Plugins from directory AdvancedTooltip loaded in 12 ms.
2025-06-14 11:54:33.663 +02:00 [INF] Plugins from directory AdvancedUberLabLayout loaded in 4 ms.
2025-06-14 11:54:33.663 +02:00 [INF] Plugins from directory AutoOpen loaded in 3 ms.
2025-06-14 11:54:33.663 +02:00 [INF] Plugins from directory AutoQuit loaded in 1 ms.
2025-06-14 11:54:33.663 +02:00 [INF] Plugins from directory BasicFlaskRoutine loaded in 23 ms.
2025-06-14 11:54:33.663 +02:00 [INF] Plugins from directory BuffUtil loaded in 10 ms.
2025-06-14 11:54:33.663 +02:00 [INF] Plugins from directory DevTree loaded in 9 ms.
2025-06-14 11:54:33.663 +02:00 [INF] Plugins from directory DPSMeter loaded in 4 ms.
2025-06-14 11:54:33.663 +02:00 [INF] Plugins from directory EliteBar loaded in 10 ms.
2025-06-14 11:54:33.663 +02:00 [INF] Plugins from directory FullRareSetManager loaded in 8 ms.
2025-06-14 11:54:33.663 +02:00 [INF] Plugins from directory HealthBars loaded in 35 ms.
2025-06-14 11:54:33.663 +02:00 [INF] Plugins from directory HeistIcons loaded in 5 ms.
2025-06-14 11:54:33.663 +02:00 [INF] Plugins from directory HighlightedItems loaded in 9 ms.
2025-06-14 11:54:33.663 +02:00 [INF] Plugins from directory MinimapIcons loaded in 12 ms.
2025-06-14 11:54:33.663 +02:00 [INF] Plugins from directory MiscInformation loaded in 38 ms.
2025-06-14 11:54:33.663 +02:00 [INF] Plugins from directory PassiveSkillTreePlanter loaded in 431 ms.
2025-06-14 11:54:33.663 +02:00 [INF] Plugins from directory PickIt loaded in 21 ms.
2025-06-14 11:54:33.663 +02:00 [INF] Plugins from directory PluginUpdater loaded in 30 ms.
2025-06-14 11:54:33.663 +02:00 [INF] Plugins from directory poe-plugin-willplug loaded in 4 ms.
2025-06-14 11:54:33.663 +02:00 [INF] Plugins from directory PreloadAlert loaded in 39 ms.
2025-06-14 11:54:33.663 +02:00 [INF] Plugins from directory Skill DPS loaded in 3 ms.
2025-06-14 11:54:33.663 +02:00 [INF] Plugins from directory Stashie loaded in 6 ms.
2025-06-14 11:54:33.663 +02:00 [INF] Plugins from directory XPBar loaded in 2 ms.
2025-06-14 11:54:33.663 +02:00 [INF] MiscInformation -> Initialise time: 2.0533 ms.
2025-06-14 11:54:33.663 +02:00 [INF] PreloadAlert -> Initialise time: 0.6911 ms.
2025-06-14 11:54:33.663 +02:00 [INF] HealthBars -> Initialise time: 5.3728 ms.
2025-06-14 11:54:33.663 +02:00 [INF] HighlightedItems -> Initialise time: 1.6936 ms.
2025-06-14 11:54:33.663 +02:00 [INF] MinimapIcons -> Initialise time: 14.3159 ms.
2025-06-14 11:54:33.663 +02:00 [INF] PluginUpdater -> Initialise time: 0.1687 ms.
2025-06-14 11:54:33.663 +02:00 [INF] Skill_DPS.Core -> Initialise time: 0.0044 ms.
2025-06-14 11:54:33.663 +02:00 [INF] Willplug -> Initialise time: 14.192 ms.
2025-06-14 11:54:33.663 +02:00 [INF] XPBar -> Initialise time: 0.0347 ms.
2025-06-14 11:54:33.663 +02:00 [INF] HUD loaded in 1465.6722 ms.
2025-06-14 11:54:33.663 +02:00 [INF] Resize from: {X=0,Y=0,Width=3840,Height=2160} to {X=0,Y=730,Width=3840,Height=1430}
2025-06-14 11:55:44.167 +02:00 [INF] Area refresh triggered
2025-06-14 11:55:53.389 +02:00 [INF] BasicFlaskRoutine -> Initialise time: 38.0866 ms.
2025-06-14 11:56:16.867 +02:00 [INF] Area refresh triggered
2025-06-14 11:56:26.510 +02:00 [INF] =============== Close hud at 6/14/2025 11:56:26 AM ===============
2025-06-14 11:56:28.064 +02:00 [INF] =============== Start hud at 6/14/2025 11:56:28 AM ===============
2025-06-14 11:56:28.089 +02:00 [INF] PerfTimer =-> Create new offsets (0.9545 ms) Thread #[1]
2025-06-14 11:56:28.377 +02:00 [INF] PerfTimer =-> Load manual fonts (0.4741 ms) Thread #[1]
2025-06-14 11:56:28.377 +02:00 [INF] PerfTimer =-> DX11 Load (1.3711 ms) Thread #[1]
2025-06-14 11:56:28.554 +02:00 [VRB] FileRoot: 7ff61a04db08
2025-06-14 11:56:28.554 +02:00 [VRB] AreaChangeCount: 7ff6191ebee0
2025-06-14 11:56:28.554 +02:00 [VRB] GameStateOffset: 7ff619ed8c88
2025-06-14 11:56:28.554 +02:00 [VRB] DiagnosticInfoTypeOffset: 7ff616d1ff0f
2025-06-14 11:56:28.611 +02:00 [INF] PerfTimer =-> Load files from memory (33.0993 ms) Thread #[1]
2025-06-14 11:56:28.655 +02:00 [WRN] TreeRoutine.Routine.BuildYourOwnRoutine.BuildYourOwnRoutineSettings:TreeRoutine.Routine.BuildYourOwnRoutine.Flask.FlaskSetting[]:FlaskSettings TreeRoutine.Routine.BuildYourOwnRoutine.Flask.FlaskSetting[] is not a supported settings element. This is probably a bug in the plugin.
2025-06-14 11:56:28.658 +02:00 [WRN] TreeRoutine.Routine.BuildYourOwnRoutine.BuildYourOwnRoutineSettings:System.Numerics.Vector2:LastSettingPos <0, 0> is not a supported settings element. This is probably a bug in the plugin.
2025-06-14 11:56:28.658 +02:00 [WRN] TreeRoutine.Routine.BuildYourOwnRoutine.BuildYourOwnRoutineSettings:System.Numerics.Vector2:LastSettingSize <0, 0> is not a supported settings element. This is probably a bug in the plugin.
2025-06-14 11:56:28.669 +02:00 [WRN] TreeRoutine.Routine.BasicFlaskRoutine.BasicFlaskRoutineSettings:TreeRoutine.Routine.BasicFlaskRoutine.Flask.FlaskSetting[]:FlaskSettings TreeRoutine.Routine.BasicFlaskRoutine.Flask.FlaskSetting[] is not a supported settings element. This is probably a bug in the plugin.
2025-06-14 11:56:28.707 +02:00 [WRN] FullRareSetManager.FullRareSetManagerSettings:System.Int32:SetsAmountStatistics 0 is not a supported settings element. This is probably a bug in the plugin.
2025-06-14 11:56:28.756 +02:00 [WRN] MinimapIcons.MapIconsSettings:System.Single:SizeDefaultIcon 16 is not a supported settings element. This is probably a bug in the plugin.
2025-06-14 11:56:29.147 +02:00 [WRN] PickIt.PickItSettings:System.String:NormalRuleFile  is not a supported settings element. This is probably a bug in the plugin.
2025-06-14 11:56:29.147 +02:00 [WRN] PickIt.PickItSettings:System.String:MagicRuleFile  is not a supported settings element. This is probably a bug in the plugin.
2025-06-14 11:56:29.147 +02:00 [WRN] PickIt.PickItSettings:System.String:RareRuleFile  is not a supported settings element. This is probably a bug in the plugin.
2025-06-14 11:56:29.147 +02:00 [WRN] PickIt.PickItSettings:System.String:UniqueRuleFile  is not a supported settings element. This is probably a bug in the plugin.
2025-06-14 11:56:29.147 +02:00 [WRN] PickIt.PickItSettings:System.String:WeightRuleFile  is not a supported settings element. This is probably a bug in the plugin.
2025-06-14 11:56:29.147 +02:00 [WRN] PickIt.PickItSettings:System.String:IgnoreRuleFile  is not a supported settings element. This is probably a bug in the plugin.
2025-06-14 11:56:29.147 +02:00 [WRN] PickIt.PickItSettings:System.Numerics.Vector2:InventorySlotsVector2 <0, 0> is not a supported settings element. This is probably a bug in the plugin.
2025-06-14 11:56:29.148 +02:00 [WRN] PickIt.PickItSettings:PickIt.PickItSettings+FRSMOverrides:FullRareSetManagerPickupOverrides PickIt.PickItSettings+FRSMOverrides is not a supported settings element. This is probably a bug in the plugin.
2025-06-14 11:56:29.218 +02:00 [WRN] Stashie.StashieSettings:System.Int32[,]:IgnoredCells System.Int32[,] is not a supported settings element. This is probably a bug in the plugin.
2025-06-14 11:56:29.260 +02:00 [INF] PerfTimer =-> Plugin loader (633.8126 ms) Thread #[1]
2025-06-14 11:56:29.267 +02:00 [INF] PerfTimer =-> Preload stats and mods (655.8655 ms) Thread #[23]
2025-06-14 11:56:29.310 +02:00 [INF] Pattern: Game State -> : Time: 2.3668 ms. Offset:[853726] Started searching offset with:0
2025-06-14 11:56:29.310 +02:00 [INF] Pattern: BlackBarSize -> : Time: 2.6926 ms. Offset:[4566359] Started searching offset with:0
2025-06-14 11:56:29.310 +02:00 [INF] Pattern: DiagnosticInfoType -> : Time: 13.7514 ms. Offset:[0] Started searching offset with:0
2025-06-14 11:56:29.310 +02:00 [INF] Pattern: Area change -> : Time: 17.4241 ms. Offset:[12637764] Started searching offset with:0
2025-06-14 11:56:29.310 +02:00 [INF] Pattern: Terrain Rotation Selector -> : Time: 37.7456 ms. Offset:[28184863] Started searching offset with:0
2025-06-14 11:56:29.310 +02:00 [INF] Pattern: Terrain Rotator Helper -> : Time: 42.3571 ms. Offset:[28184863] Started searching offset with:0
2025-06-14 11:56:29.310 +02:00 [INF] Pattern: File Root -> : Time: 45.878 ms. Offset:[32293715] Started searching offset with:0
2025-06-14 11:56:29.310 +02:00 [INF] Pattern scan done: 00:00:00.0485817
2025-06-14 11:56:29.310 +02:00 [INF] Area refresh triggered
2025-06-14 11:56:29.310 +02:00 [INF] Plugins from directory AdvancedTooltip loaded in 10 ms.
2025-06-14 11:56:29.310 +02:00 [INF] Plugins from directory AdvancedUberLabLayout loaded in 3 ms.
2025-06-14 11:56:29.310 +02:00 [INF] Plugins from directory AutoOpen loaded in 3 ms.
2025-06-14 11:56:29.310 +02:00 [INF] Plugins from directory AutoQuit loaded in 1 ms.
2025-06-14 11:56:29.310 +02:00 [INF] Plugins from directory BasicFlaskRoutine loaded in 20 ms.
2025-06-14 11:56:29.310 +02:00 [INF] Plugins from directory BuffUtil loaded in 9 ms.
2025-06-14 11:56:29.310 +02:00 [INF] Plugins from directory DevTree loaded in 8 ms.
2025-06-14 11:56:29.310 +02:00 [INF] Plugins from directory DPSMeter loaded in 4 ms.
2025-06-14 11:56:29.310 +02:00 [INF] Plugins from directory EliteBar loaded in 9 ms.
2025-06-14 11:56:29.310 +02:00 [INF] Plugins from directory FullRareSetManager loaded in 7 ms.
2025-06-14 11:56:29.310 +02:00 [INF] Plugins from directory HealthBars loaded in 28 ms.
2025-06-14 11:56:29.310 +02:00 [INF] Plugins from directory HeistIcons loaded in 3 ms.
2025-06-14 11:56:29.310 +02:00 [INF] Plugins from directory HighlightedItems loaded in 7 ms.
2025-06-14 11:56:29.310 +02:00 [INF] Plugins from directory MinimapIcons loaded in 9 ms.
2025-06-14 11:56:29.310 +02:00 [INF] Plugins from directory MiscInformation loaded in 28 ms.
2025-06-14 11:56:29.310 +02:00 [INF] Plugins from directory PassiveSkillTreePlanter loaded in 341 ms.
2025-06-14 11:56:29.310 +02:00 [INF] Plugins from directory PickIt loaded in 20 ms.
2025-06-14 11:56:29.310 +02:00 [INF] Plugins from directory PluginUpdater loaded in 3 ms.
2025-06-14 11:56:29.310 +02:00 [INF] Plugins from directory poe-plugin-willplug loaded in 3 ms.
2025-06-14 11:56:29.310 +02:00 [INF] Plugins from directory PreloadAlert loaded in 52 ms.
2025-06-14 11:56:29.311 +02:00 [INF] Plugins from directory Skill DPS loaded in 3 ms.
2025-06-14 11:56:29.311 +02:00 [INF] Plugins from directory Stashie loaded in 6 ms.
2025-06-14 11:56:29.311 +02:00 [INF] Plugins from directory XPBar loaded in 2 ms.
2025-06-14 11:56:29.311 +02:00 [INF] MiscInformation -> Initialise time: 1.7795 ms.
2025-06-14 11:56:29.311 +02:00 [INF] PreloadAlert -> Initialise time: 0.6468 ms.
2025-06-14 11:56:29.311 +02:00 [INF] HealthBars -> Initialise time: 4.9765 ms.
2025-06-14 11:56:29.311 +02:00 [INF] HighlightedItems -> Initialise time: 1.5856 ms.
2025-06-14 11:56:29.311 +02:00 [INF] MinimapIcons -> Initialise time: 11.2878 ms.
2025-06-14 11:56:29.311 +02:00 [INF] PluginUpdater -> Initialise time: 0.144 ms.
2025-06-14 11:56:29.311 +02:00 [INF] Skill_DPS.Core -> Initialise time: 0.0039 ms.
2025-06-14 11:56:29.311 +02:00 [INF] BasicFlaskRoutine -> Initialise time: 14.0151 ms.
2025-06-14 11:56:29.311 +02:00 [INF] XPBar -> Initialise time: 0.0349 ms.
2025-06-14 11:56:29.311 +02:00 [INF] HUD loaded in 1277.7295 ms.
2025-06-14 11:56:29.311 +02:00 [INF] Resize from: {X=0,Y=0,Width=3840,Height=2160} to {X=0,Y=730,Width=3840,Height=1430}
2025-06-14 11:57:46.676 +02:00 [ERR] Pickit, Close -> System.NullReferenceException: Object reference not set to an instance of an object.
   at PickIt.PickIt.OnPluginDestroyForHotReload()
   at ExileCore.Shared.PluginWrapper.Close()
2025-06-14 11:57:47.045 +02:00 [INF] Game not found
2025-06-14 11:57:48.593 +02:00 [INF] =============== Close hud at 6/14/2025 11:57:48 AM ===============
2025-06-14 12:20:14.156 +02:00 [INF] =============== Start hud at 6/14/2025 12:20:14 PM ===============
2025-06-14 12:20:14.180 +02:00 [INF] PerfTimer =-> Create new offsets (0.9424 ms) Thread #[1]
2025-06-14 12:20:14.435 +02:00 [INF] PerfTimer =-> Load manual fonts (0.4325 ms) Thread #[1]
2025-06-14 12:20:14.435 +02:00 [INF] PerfTimer =-> DX11 Load (1.2518 ms) Thread #[1]
2025-06-14 12:20:14.632 +02:00 [VRB] FileRoot: 7ff61a04db08
2025-06-14 12:20:14.632 +02:00 [VRB] AreaChangeCount: 7ff6191ebee0
2025-06-14 12:20:14.632 +02:00 [VRB] GameStateOffset: 7ff619ed8c88
2025-06-14 12:20:14.632 +02:00 [VRB] DiagnosticInfoTypeOffset: 7ff616d1ff0f
2025-06-14 12:20:14.686 +02:00 [INF] PerfTimer =-> Load files from memory (29.5798 ms) Thread #[1]
2025-06-14 12:20:14.735 +02:00 [WRN] TreeRoutine.Routine.BuildYourOwnRoutine.BuildYourOwnRoutineSettings:TreeRoutine.Routine.BuildYourOwnRoutine.Flask.FlaskSetting[]:FlaskSettings TreeRoutine.Routine.BuildYourOwnRoutine.Flask.FlaskSetting[] is not a supported settings element. This is probably a bug in the plugin.
2025-06-14 12:20:14.738 +02:00 [WRN] TreeRoutine.Routine.BuildYourOwnRoutine.BuildYourOwnRoutineSettings:System.Numerics.Vector2:LastSettingPos <0, 0> is not a supported settings element. This is probably a bug in the plugin.
2025-06-14 12:20:14.738 +02:00 [WRN] TreeRoutine.Routine.BuildYourOwnRoutine.BuildYourOwnRoutineSettings:System.Numerics.Vector2:LastSettingSize <0, 0> is not a supported settings element. This is probably a bug in the plugin.
2025-06-14 12:20:14.749 +02:00 [WRN] TreeRoutine.Routine.BasicFlaskRoutine.BasicFlaskRoutineSettings:TreeRoutine.Routine.BasicFlaskRoutine.Flask.FlaskSetting[]:FlaskSettings TreeRoutine.Routine.BasicFlaskRoutine.Flask.FlaskSetting[] is not a supported settings element. This is probably a bug in the plugin.
2025-06-14 12:20:14.795 +02:00 [WRN] FullRareSetManager.FullRareSetManagerSettings:System.Int32:SetsAmountStatistics 0 is not a supported settings element. This is probably a bug in the plugin.
2025-06-14 12:20:14.850 +02:00 [WRN] MinimapIcons.MapIconsSettings:System.Single:SizeDefaultIcon 16 is not a supported settings element. This is probably a bug in the plugin.
2025-06-14 12:20:15.272 +02:00 [WRN] PickIt.PickItSettings:System.String:NormalRuleFile  is not a supported settings element. This is probably a bug in the plugin.
2025-06-14 12:20:15.272 +02:00 [WRN] PickIt.PickItSettings:System.String:MagicRuleFile  is not a supported settings element. This is probably a bug in the plugin.
2025-06-14 12:20:15.272 +02:00 [WRN] PickIt.PickItSettings:System.String:RareRuleFile  is not a supported settings element. This is probably a bug in the plugin.
2025-06-14 12:20:15.272 +02:00 [WRN] PickIt.PickItSettings:System.String:UniqueRuleFile  is not a supported settings element. This is probably a bug in the plugin.
2025-06-14 12:20:15.272 +02:00 [WRN] PickIt.PickItSettings:System.String:WeightRuleFile  is not a supported settings element. This is probably a bug in the plugin.
2025-06-14 12:20:15.272 +02:00 [WRN] PickIt.PickItSettings:System.String:IgnoreRuleFile  is not a supported settings element. This is probably a bug in the plugin.
2025-06-14 12:20:15.273 +02:00 [WRN] PickIt.PickItSettings:System.Numerics.Vector2:InventorySlotsVector2 <0, 0> is not a supported settings element. This is probably a bug in the plugin.
2025-06-14 12:20:15.273 +02:00 [WRN] PickIt.PickItSettings:PickIt.PickItSettings+FRSMOverrides:FullRareSetManagerPickupOverrides PickIt.PickItSettings+FRSMOverrides is not a supported settings element. This is probably a bug in the plugin.
2025-06-14 12:20:15.352 +02:00 [WRN] Stashie.StashieSettings:System.Int32[,]:IgnoredCells System.Int32[,] is not a supported settings element. This is probably a bug in the plugin.
2025-06-14 12:20:15.394 +02:00 [INF] PerfTimer =-> Plugin loader (690.7431 ms) Thread #[1]
2025-06-14 12:20:15.443 +02:00 [INF] Pattern: Game State -> : Time: 4.4063 ms. Offset:[853726] Started searching offset with:0
2025-06-14 12:20:15.444 +02:00 [INF] Pattern: BlackBarSize -> : Time: 2.9183 ms. Offset:[4566359] Started searching offset with:0
2025-06-14 12:20:15.444 +02:00 [INF] Pattern: Area change -> : Time: 20.8374 ms. Offset:[12637764] Started searching offset with:0
2025-06-14 12:20:15.444 +02:00 [INF] Pattern: DiagnosticInfoType -> : Time: 32.1426 ms. Offset:[0] Started searching offset with:0
2025-06-14 12:20:15.444 +02:00 [INF] Pattern: Terrain Rotation Selector -> : Time: 39.5519 ms. Offset:[28184863] Started searching offset with:0
2025-06-14 12:20:15.444 +02:00 [INF] Pattern: Terrain Rotator Helper -> : Time: 40.096 ms. Offset:[28184863] Started searching offset with:0
2025-06-14 12:20:15.444 +02:00 [INF] Pattern: File Root -> : Time: 40.7973 ms. Offset:[32293715] Started searching offset with:0
2025-06-14 12:20:15.444 +02:00 [INF] Pattern scan done: 00:00:00.0436039
2025-06-14 12:20:15.444 +02:00 [INF] Area refresh triggered
2025-06-14 12:20:15.444 +02:00 [INF] Plugins from directory AdvancedTooltip loaded in 11 ms.
2025-06-14 12:20:15.444 +02:00 [INF] Plugins from directory AdvancedUberLabLayout loaded in 4 ms.
2025-06-14 12:20:15.444 +02:00 [INF] Plugins from directory AutoOpen loaded in 3 ms.
2025-06-14 12:20:15.444 +02:00 [INF] Plugins from directory AutoQuit loaded in 2 ms.
2025-06-14 12:20:15.444 +02:00 [INF] Plugins from directory BasicFlaskRoutine loaded in 20 ms.
2025-06-14 12:20:15.444 +02:00 [INF] Plugins from directory BuffUtil loaded in 12 ms.
2025-06-14 12:20:15.444 +02:00 [INF] Plugins from directory DevTree loaded in 9 ms.
2025-06-14 12:20:15.444 +02:00 [INF] Plugins from directory DPSMeter loaded in 5 ms.
2025-06-14 12:20:15.444 +02:00 [INF] Plugins from directory EliteBar loaded in 10 ms.
2025-06-14 12:20:15.444 +02:00 [INF] Plugins from directory FullRareSetManager loaded in 7 ms.
2025-06-14 12:20:15.444 +02:00 [INF] Plugins from directory HealthBars loaded in 30 ms.
2025-06-14 12:20:15.444 +02:00 [INF] Plugins from directory HeistIcons loaded in 4 ms.
2025-06-14 12:20:15.444 +02:00 [INF] Plugins from directory HighlightedItems loaded in 7 ms.
2025-06-14 12:20:15.444 +02:00 [INF] Plugins from directory MinimapIcons loaded in 11 ms.
2025-06-14 12:20:15.444 +02:00 [INF] Plugins from directory MiscInformation loaded in 7 ms.
2025-06-14 12:20:15.444 +02:00 [INF] Plugins from directory PassiveSkillTreePlanter loaded in 369 ms.
2025-06-14 12:20:15.444 +02:00 [INF] Plugins from directory PickIt loaded in 45 ms.
2025-06-14 12:20:15.444 +02:00 [INF] Plugins from directory PluginUpdater loaded in 4 ms.
2025-06-14 12:20:15.444 +02:00 [INF] Plugins from directory poe-plugin-willplug loaded in 5 ms.
2025-06-14 12:20:15.444 +02:00 [INF] Plugins from directory PreloadAlert loaded in 59 ms.
2025-06-14 12:20:15.444 +02:00 [INF] Plugins from directory Skill DPS loaded in 4 ms.
2025-06-14 12:20:15.444 +02:00 [INF] Plugins from directory Stashie loaded in 6 ms.
2025-06-14 12:20:15.444 +02:00 [INF] Plugins from directory XPBar loaded in 2 ms.
2025-06-14 12:20:15.444 +02:00 [INF] MiscInformation -> Initialise time: 1.6744 ms.
2025-06-14 12:20:15.444 +02:00 [INF] PreloadAlert -> Initialise time: 0.6678 ms.
2025-06-14 12:20:15.444 +02:00 [INF] HealthBars -> Initialise time: 5.1828 ms.
2025-06-14 12:20:15.444 +02:00 [INF] HighlightedItems -> Initialise time: 1.637 ms.
2025-06-14 12:20:15.444 +02:00 [INF] MinimapIcons -> Initialise time: 11.2708 ms.
2025-06-14 12:20:15.444 +02:00 [INF] PluginUpdater -> Initialise time: 0.1354 ms.
2025-06-14 12:20:15.444 +02:00 [INF] Skill_DPS.Core -> Initialise time: 0.0039 ms.
2025-06-14 12:20:15.444 +02:00 [INF] BasicFlaskRoutine -> Initialise time: 14.5497 ms.
2025-06-14 12:20:15.444 +02:00 [INF] XPBar -> Initialise time: 0.0348 ms.
2025-06-14 12:20:15.444 +02:00 [INF] HUD loaded in 1319.2416 ms.
2025-06-14 12:20:15.444 +02:00 [INF] Resize from: {X=0,Y=0,Width=3840,Height=2160} to {X=0,Y=730,Width=3840,Height=1430}
2025-06-14 12:20:15.447 +02:00 [INF] PerfTimer =-> Preload stats and mods (761.5405 ms) Thread #[21]
2025-06-14 12:20:57.409 +02:00 [INF] Area refresh triggered
2025-06-14 12:21:04.191 +02:00 [INF] Area refresh triggered
2025-06-14 12:21:45.257 +02:00 [ERR] Object reference not set to an instance of an object.
2025-06-14 12:22:07.239 +02:00 [ERR] Object reference not set to an instance of an object.
2025-06-14 12:22:57.953 +02:00 [INF] Area refresh triggered
2025-06-14 12:25:03.063 +02:00 [INF] Area refresh triggered
2025-06-14 12:25:26.963 +02:00 [ERR] XPBar, PerfomanceRender -> System.NullReferenceException: Object reference not set to an instance of an object.
   at XPBar.Core.Render()
   at ExileCore.Shared.PluginWrapper.PerfomanceRender()
2025-06-14 12:25:26.997 +02:00 [INF] Area refresh triggered
2025-06-14 12:25:59.014 +02:00 [INF] Area refresh triggered
2025-06-14 12:26:18.914 +02:00 [INF] Area refresh triggered
2025-06-14 12:26:33.275 +02:00 [INF] Area refresh triggered
2025-06-14 12:27:19.343 +02:00 [ERR] Object reference not set to an instance of an object.
2025-06-14 12:44:30.661 +02:00 [ERR] Object reference not set to an instance of an object.
2025-06-14 12:44:47.308 +02:00 [ERR] Object reference not set to an instance of an object.
2025-06-14 12:52:53.592 +02:00 [ERR] EntityList -> Address is 0;
2025-06-14 13:06:20.417 +02:00 [ERR] EntityList -> Address is 0;
2025-06-14 13:06:25.350 +02:00 [INF] PerfTimer =-> Load files from memory (25.6108 ms) Thread #[8]
2025-06-14 13:06:25.354 +02:00 [INF] Force area refresh triggered
2025-06-14 13:06:25.830 +02:00 [INF] PerfTimer =-> Preload stats and mods (479.8949 ms) Thread #[18]
2025-06-14 13:06:39.066 +02:00 [INF] Area refresh triggered
2025-06-14 13:07:41.760 +02:00 [INF] Area refresh triggered
2025-06-14 13:07:51.180 +02:00 [ERR] Pickit, Close -> System.NullReferenceException: Object reference not set to an instance of an object.
   at PickIt.PickIt.OnPluginDestroyForHotReload()
   at ExileCore.Shared.PluginWrapper.Close()
2025-06-14 13:07:51.573 +02:00 [INF] Game not found
2025-06-14 13:07:53.585 +02:00 [INF] Game not found
2025-06-14 13:07:55.227 +02:00 [INF] =============== Close hud at 6/14/2025 1:07:55 PM ===============
2025-06-14 15:27:47.138 +02:00 [INF] =============== Start hud at 6/14/2025 3:27:47 PM ===============
2025-06-14 15:27:47.173 +02:00 [INF] PerfTimer =-> Create new offsets (1.3017 ms) Thread #[1]
2025-06-14 15:27:47.625 +02:00 [INF] PerfTimer =-> Load manual fonts (0.7443 ms) Thread #[1]
2025-06-14 15:27:47.625 +02:00 [INF] PerfTimer =-> DX11 Load (1.9852 ms) Thread #[1]
2025-06-14 15:27:47.957 +02:00 [VRB] FileRoot: 7ff61a04db08
2025-06-14 15:27:47.957 +02:00 [VRB] AreaChangeCount: 7ff6191ebee0
2025-06-14 15:27:47.957 +02:00 [VRB] GameStateOffset: 7ff619ed8c88
2025-06-14 15:27:47.957 +02:00 [VRB] DiagnosticInfoTypeOffset: 7ff616d1ff0f
2025-06-14 15:27:48.065 +02:00 [INF] PerfTimer =-> Load files from memory (67.5557 ms) Thread #[1]
2025-06-14 15:27:48.130 +02:00 [WRN] TreeRoutine.Routine.BuildYourOwnRoutine.BuildYourOwnRoutineSettings:TreeRoutine.Routine.BuildYourOwnRoutine.Flask.FlaskSetting[]:FlaskSettings TreeRoutine.Routine.BuildYourOwnRoutine.Flask.FlaskSetting[] is not a supported settings element. This is probably a bug in the plugin.
2025-06-14 15:27:48.134 +02:00 [WRN] TreeRoutine.Routine.BuildYourOwnRoutine.BuildYourOwnRoutineSettings:System.Numerics.Vector2:LastSettingPos <0, 0> is not a supported settings element. This is probably a bug in the plugin.
2025-06-14 15:27:48.134 +02:00 [WRN] TreeRoutine.Routine.BuildYourOwnRoutine.BuildYourOwnRoutineSettings:System.Numerics.Vector2:LastSettingSize <0, 0> is not a supported settings element. This is probably a bug in the plugin.
2025-06-14 15:27:48.147 +02:00 [WRN] TreeRoutine.Routine.BasicFlaskRoutine.BasicFlaskRoutineSettings:TreeRoutine.Routine.BasicFlaskRoutine.Flask.FlaskSetting[]:FlaskSettings TreeRoutine.Routine.BasicFlaskRoutine.Flask.FlaskSetting[] is not a supported settings element. This is probably a bug in the plugin.
2025-06-14 15:27:48.207 +02:00 [WRN] FullRareSetManager.FullRareSetManagerSettings:System.Int32:SetsAmountStatistics 0 is not a supported settings element. This is probably a bug in the plugin.
2025-06-14 15:27:48.298 +02:00 [WRN] MinimapIcons.MapIconsSettings:System.Single:SizeDefaultIcon 16 is not a supported settings element. This is probably a bug in the plugin.
2025-06-14 15:27:48.954 +02:00 [WRN] PickIt.PickItSettings:System.String:NormalRuleFile  is not a supported settings element. This is probably a bug in the plugin.
2025-06-14 15:27:48.954 +02:00 [WRN] PickIt.PickItSettings:System.String:MagicRuleFile  is not a supported settings element. This is probably a bug in the plugin.
2025-06-14 15:27:48.954 +02:00 [WRN] PickIt.PickItSettings:System.String:RareRuleFile  is not a supported settings element. This is probably a bug in the plugin.
2025-06-14 15:27:48.954 +02:00 [WRN] PickIt.PickItSettings:System.String:UniqueRuleFile  is not a supported settings element. This is probably a bug in the plugin.
2025-06-14 15:27:48.954 +02:00 [WRN] PickIt.PickItSettings:System.String:WeightRuleFile  is not a supported settings element. This is probably a bug in the plugin.
2025-06-14 15:27:48.954 +02:00 [WRN] PickIt.PickItSettings:System.String:IgnoreRuleFile  is not a supported settings element. This is probably a bug in the plugin.
2025-06-14 15:27:48.955 +02:00 [WRN] PickIt.PickItSettings:System.Numerics.Vector2:InventorySlotsVector2 <0, 0> is not a supported settings element. This is probably a bug in the plugin.
2025-06-14 15:27:48.955 +02:00 [WRN] PickIt.PickItSettings:PickIt.PickItSettings+FRSMOverrides:FullRareSetManagerPickupOverrides PickIt.PickItSettings+FRSMOverrides is not a supported settings element. This is probably a bug in the plugin.
2025-06-14 15:27:49.055 +02:00 [WRN] Stashie.StashieSettings:System.Int32[,]:IgnoredCells System.Int32[,] is not a supported settings element. This is probably a bug in the plugin.
2025-06-14 15:27:49.114 +02:00 [INF] PerfTimer =-> Plugin loader (1023.2805 ms) Thread #[1]
2025-06-14 15:27:49.190 +02:00 [INF] Pattern: Game State -> : Time: 3.0643 ms. Offset:[853726] Started searching offset with:0
2025-06-14 15:27:49.191 +02:00 [INF] Pattern: BlackBarSize -> : Time: 11.0572 ms. Offset:[4566359] Started searching offset with:0
2025-06-14 15:27:49.191 +02:00 [INF] Pattern: DiagnosticInfoType -> : Time: 23.864 ms. Offset:[0] Started searching offset with:0
2025-06-14 15:27:49.191 +02:00 [INF] Pattern: Area change -> : Time: 26.8355 ms. Offset:[12637764] Started searching offset with:0
2025-06-14 15:27:49.191 +02:00 [INF] Pattern: Terrain Rotation Selector -> : Time: 67.2553 ms. Offset:[28184863] Started searching offset with:0
2025-06-14 15:27:49.191 +02:00 [INF] Pattern: Terrain Rotator Helper -> : Time: 71.2383 ms. Offset:[28184863] Started searching offset with:0
2025-06-14 15:27:49.191 +02:00 [INF] Pattern: File Root -> : Time: 88.379 ms. Offset:[32293715] Started searching offset with:0
2025-06-14 15:27:49.191 +02:00 [INF] Pattern scan done: 00:00:00.0924802
2025-06-14 15:27:49.191 +02:00 [INF] Area refresh triggered
2025-06-14 15:27:49.191 +02:00 [INF] Plugins from directory AdvancedTooltip loaded in 15 ms.
2025-06-14 15:27:49.191 +02:00 [INF] Plugins from directory AdvancedUberLabLayout loaded in 4 ms.
2025-06-14 15:27:49.191 +02:00 [INF] Plugins from directory AutoOpen loaded in 3 ms.
2025-06-14 15:27:49.191 +02:00 [INF] Plugins from directory AutoQuit loaded in 2 ms.
2025-06-14 15:27:49.191 +02:00 [INF] Plugins from directory BasicFlaskRoutine loaded in 26 ms.
2025-06-14 15:27:49.191 +02:00 [INF] Plugins from directory BuffUtil loaded in 17 ms.
2025-06-14 15:27:49.191 +02:00 [INF] Plugins from directory DevTree loaded in 12 ms.
2025-06-14 15:27:49.191 +02:00 [INF] Plugins from directory DPSMeter loaded in 5 ms.
2025-06-14 15:27:49.191 +02:00 [INF] Plugins from directory EliteBar loaded in 15 ms.
2025-06-14 15:27:49.192 +02:00 [INF] Plugins from directory FullRareSetManager loaded in 9 ms.
2025-06-14 15:27:49.192 +02:00 [INF] Plugins from directory HealthBars loaded in 50 ms.
2025-06-14 15:27:49.192 +02:00 [INF] Plugins from directory HeistIcons loaded in 5 ms.
2025-06-14 15:27:49.192 +02:00 [INF] Plugins from directory HighlightedItems loaded in 12 ms.
2025-06-14 15:27:49.192 +02:00 [INF] Plugins from directory MinimapIcons loaded in 23 ms.
2025-06-14 15:27:49.192 +02:00 [INF] Plugins from directory MiscInformation loaded in 17 ms.
2025-06-14 15:27:49.192 +02:00 [INF] Plugins from directory PassiveSkillTreePlanter loaded in 572 ms.
2025-06-14 15:27:49.192 +02:00 [INF] Plugins from directory PickIt loaded in 64 ms.
2025-06-14 15:27:49.192 +02:00 [INF] Plugins from directory PluginUpdater loaded in 4 ms.
2025-06-14 15:27:49.192 +02:00 [INF] Plugins from directory poe-plugin-willplug loaded in 5 ms.
2025-06-14 15:27:49.192 +02:00 [INF] Plugins from directory PreloadAlert loaded in 76 ms.
2025-06-14 15:27:49.192 +02:00 [INF] Plugins from directory Skill DPS loaded in 5 ms.
2025-06-14 15:27:49.192 +02:00 [INF] Plugins from directory Stashie loaded in 8 ms.
2025-06-14 15:27:49.192 +02:00 [INF] Plugins from directory XPBar loaded in 3 ms.
2025-06-14 15:27:49.192 +02:00 [INF] MiscInformation -> Initialise time: 2.5558 ms.
2025-06-14 15:27:49.192 +02:00 [INF] PreloadAlert -> Initialise time: 0.68 ms.
2025-06-14 15:27:49.192 +02:00 [INF] HealthBars -> Initialise time: 7.155 ms.
2025-06-14 15:27:49.192 +02:00 [INF] HighlightedItems -> Initialise time: 2.2115 ms.
2025-06-14 15:27:49.192 +02:00 [INF] MinimapIcons -> Initialise time: 15.9193 ms.
2025-06-14 15:27:49.192 +02:00 [INF] PluginUpdater -> Initialise time: 0.1792 ms.
2025-06-14 15:27:49.192 +02:00 [INF] Skill_DPS.Core -> Initialise time: 0.0062 ms.
2025-06-14 15:27:49.192 +02:00 [INF] BasicFlaskRoutine -> Initialise time: 20.2613 ms.
2025-06-14 15:27:49.192 +02:00 [INF] XPBar -> Initialise time: 0.0454 ms.
2025-06-14 15:27:49.192 +02:00 [INF] HUD loaded in 2082.7509 ms.
2025-06-14 15:27:49.193 +02:00 [INF] PerfTimer =-> Preload stats and mods (1127.3732 ms) Thread #[17]
2025-06-14 15:27:49.215 +02:00 [INF] Resize from: {X=0,Y=0,Width=3840,Height=2160} to {X=0,Y=730,Width=3840,Height=1430}
2025-06-14 15:27:52.057 +02:00 [INF] PerfTimer =-> Load files from memory (19.7067 ms) Thread #[8]
2025-06-14 15:27:52.099 +02:00 [INF] Force area refresh triggered
2025-06-14 15:27:52.483 +02:00 [INF] PerfTimer =-> Preload stats and mods (426.0363 ms) Thread #[19]
2025-06-14 15:29:00.064 +02:00 [INF] Area refresh triggered
2025-06-14 15:31:19.128 +02:00 [INF] Area refresh triggered
2025-06-14 15:33:17.380 +02:00 [ERR] Something wrong we parse 973 when expect 220
2025-06-14 15:34:42.127 +02:00 [INF] Area refresh triggered
2025-06-14 15:36:36.929 +02:00 [INF] Area refresh triggered
2025-06-14 15:38:19.222 +02:00 [ERR] Object reference not set to an instance of an object.
2025-06-14 15:39:54.081 +02:00 [INF] Area refresh triggered
2025-06-14 15:41:04.889 +02:00 [INF] Area refresh triggered
2025-06-14 15:43:02.277 +02:00 [INF] Area refresh triggered
2025-06-14 15:48:00.253 +02:00 [ERR] Object reference not set to an instance of an object.
2025-06-14 15:48:08.049 +02:00 [INF] Area refresh triggered
2025-06-14 15:50:04.216 +02:00 [INF] Area refresh triggered
2025-06-14 15:50:44.542 +02:00 [INF] Area refresh triggered
2025-06-14 15:51:00.607 +02:00 [ERR] [MinimapIcons] Failed to build an icon for <Monster> (White) Metadata/Monsters/SpectralPauper/SpectralPauper3: (19228700210): System.NullReferenceException: Object reference not set to an instance of an object.
   at MinimapIcons.IconsBuilder.Icons.MonsterIcon.Update(Entity entity, IconsBuilderSettings settings, Dictionary`2 modIcons)
   at MinimapIcons.IconsBuilder.IconsBuilder.GenerateIcon(Entity entity)
   at MinimapIcons.IconsBuilder.IconsBuilder.AddIcons()
2025-06-14 15:52:36.753 +02:00 [INF] Area refresh triggered
2025-06-14 15:59:39.413 +02:00 [ERR] EntityList -> Address is 0;
2025-06-14 16:03:47.903 +02:00 [INF] PerfTimer =-> Load files from memory (25.3756 ms) Thread #[8]
2025-06-14 16:03:47.908 +02:00 [INF] Force area refresh triggered
2025-06-14 16:03:48.495 +02:00 [INF] PerfTimer =-> Preload stats and mods (592.2631 ms) Thread #[28]
2025-06-14 16:04:55.022 +02:00 [ERR] XPBar, PerfomanceRender -> System.NullReferenceException: Object reference not set to an instance of an object.
   at XPBar.Core.Render()
   at ExileCore.Shared.PluginWrapper.PerfomanceRender()
2025-06-14 16:04:55.050 +02:00 [INF] Area refresh triggered
2025-06-14 16:05:25.103 +02:00 [ERR] Unable to process 9 entity candidate addresses due to the configured limit of 10000
2025-06-14 16:05:25.103 +02:00 [ERR] Something wrong we parse 1459 when expect 182
2025-06-14 16:06:05.985 +02:00 [INF] Area refresh triggered
2025-06-14 16:06:45.217 +02:00 [ERR] Object reference not set to an instance of an object.
2025-06-14 16:08:34.660 +02:00 [ERR] EntityList -> Address is 0;
2025-06-14 16:08:41.495 +02:00 [INF] PerfTimer =-> Load files from memory (27.9779 ms) Thread #[8]
2025-06-14 16:08:41.499 +02:00 [INF] Force area refresh triggered
2025-06-14 16:08:42.081 +02:00 [INF] PerfTimer =-> Preload stats and mods (585.7581 ms) Thread #[32]
2025-06-14 16:11:49.946 +02:00 [INF] Area refresh triggered
2025-06-14 16:13:07.177 +02:00 [ERR] Pickit, Close -> System.NullReferenceException: Object reference not set to an instance of an object.
   at PickIt.PickIt.OnPluginDestroyForHotReload()
   at ExileCore.Shared.PluginWrapper.Close()
2025-06-14 16:13:07.519 +02:00 [INF] Game not found
2025-06-14 16:13:09.546 +02:00 [INF] Game not found
2025-06-14 16:13:09.774 +02:00 [INF] =============== Close hud at 6/14/2025 4:13:09 PM ===============
2025-06-14 16:30:39.370 +02:00 [INF] =============== Start hud at 6/14/2025 4:30:39 PM ===============
2025-06-14 16:30:39.394 +02:00 [INF] PerfTimer =-> Create new offsets (0.9796 ms) Thread #[1]
2025-06-14 16:30:39.666 +02:00 [INF] PerfTimer =-> Load manual fonts (0.4584 ms) Thread #[1]
2025-06-14 16:30:39.666 +02:00 [INF] PerfTimer =-> DX11 Load (1.3076 ms) Thread #[1]
2025-06-14 16:30:39.848 +02:00 [VRB] FileRoot: 7ff61a04db08
2025-06-14 16:30:39.848 +02:00 [VRB] AreaChangeCount: 7ff6191ebee0
2025-06-14 16:30:39.849 +02:00 [VRB] GameStateOffset: 7ff619ed8c88
2025-06-14 16:30:39.849 +02:00 [VRB] DiagnosticInfoTypeOffset: 7ff616d1ff0f
2025-06-14 16:30:39.902 +02:00 [INF] PerfTimer =-> Load files from memory (29.4384 ms) Thread #[1]
2025-06-14 16:30:39.949 +02:00 [WRN] TreeRoutine.Routine.BuildYourOwnRoutine.BuildYourOwnRoutineSettings:TreeRoutine.Routine.BuildYourOwnRoutine.Flask.FlaskSetting[]:FlaskSettings TreeRoutine.Routine.BuildYourOwnRoutine.Flask.FlaskSetting[] is not a supported settings element. This is probably a bug in the plugin.
2025-06-14 16:30:39.952 +02:00 [WRN] TreeRoutine.Routine.BuildYourOwnRoutine.BuildYourOwnRoutineSettings:System.Numerics.Vector2:LastSettingPos <0, 0> is not a supported settings element. This is probably a bug in the plugin.
2025-06-14 16:30:39.952 +02:00 [WRN] TreeRoutine.Routine.BuildYourOwnRoutine.BuildYourOwnRoutineSettings:System.Numerics.Vector2:LastSettingSize <0, 0> is not a supported settings element. This is probably a bug in the plugin.
2025-06-14 16:30:39.963 +02:00 [WRN] TreeRoutine.Routine.BasicFlaskRoutine.BasicFlaskRoutineSettings:TreeRoutine.Routine.BasicFlaskRoutine.Flask.FlaskSetting[]:FlaskSettings TreeRoutine.Routine.BasicFlaskRoutine.Flask.FlaskSetting[] is not a supported settings element. This is probably a bug in the plugin.
2025-06-14 16:30:40.004 +02:00 [WRN] FullRareSetManager.FullRareSetManagerSettings:System.Int32:SetsAmountStatistics 0 is not a supported settings element. This is probably a bug in the plugin.
2025-06-14 16:30:40.054 +02:00 [WRN] MinimapIcons.MapIconsSettings:System.Single:SizeDefaultIcon 16 is not a supported settings element. This is probably a bug in the plugin.
2025-06-14 16:30:40.489 +02:00 [WRN] PickIt.PickItSettings:System.String:NormalRuleFile  is not a supported settings element. This is probably a bug in the plugin.
2025-06-14 16:30:40.489 +02:00 [WRN] PickIt.PickItSettings:System.String:MagicRuleFile  is not a supported settings element. This is probably a bug in the plugin.
2025-06-14 16:30:40.490 +02:00 [WRN] PickIt.PickItSettings:System.String:RareRuleFile  is not a supported settings element. This is probably a bug in the plugin.
2025-06-14 16:30:40.490 +02:00 [WRN] PickIt.PickItSettings:System.String:UniqueRuleFile  is not a supported settings element. This is probably a bug in the plugin.
2025-06-14 16:30:40.490 +02:00 [WRN] PickIt.PickItSettings:System.String:WeightRuleFile  is not a supported settings element. This is probably a bug in the plugin.
2025-06-14 16:30:40.490 +02:00 [WRN] PickIt.PickItSettings:System.String:IgnoreRuleFile  is not a supported settings element. This is probably a bug in the plugin.
2025-06-14 16:30:40.490 +02:00 [WRN] PickIt.PickItSettings:System.Numerics.Vector2:InventorySlotsVector2 <0, 0> is not a supported settings element. This is probably a bug in the plugin.
2025-06-14 16:30:40.490 +02:00 [WRN] PickIt.PickItSettings:PickIt.PickItSettings+FRSMOverrides:FullRareSetManagerPickupOverrides PickIt.PickItSettings+FRSMOverrides is not a supported settings element. This is probably a bug in the plugin.
2025-06-14 16:30:40.569 +02:00 [WRN] Stashie.StashieSettings:System.Int32[,]:IgnoredCells System.Int32[,] is not a supported settings element. This is probably a bug in the plugin.
2025-06-14 16:30:40.620 +02:00 [INF] PerfTimer =-> Plugin loader (701.0296 ms) Thread #[1]
2025-06-14 16:30:40.671 +02:00 [INF] PerfTimer =-> Preload stats and mods (768.0526 ms) Thread #[10]
2025-06-14 16:30:40.677 +02:00 [INF] Pattern: BlackBarSize -> : Time: 2.8455 ms. Offset:[4566359] Started searching offset with:0
2025-06-14 16:30:40.678 +02:00 [INF] Pattern: Game State -> : Time: 3.88 ms. Offset:[853726] Started searching offset with:0
2025-06-14 16:30:40.678 +02:00 [INF] Pattern: Area change -> : Time: 17.4306 ms. Offset:[12637764] Started searching offset with:0
2025-06-14 16:30:40.678 +02:00 [INF] Pattern: DiagnosticInfoType -> : Time: 28.647 ms. Offset:[0] Started searching offset with:0
2025-06-14 16:30:40.678 +02:00 [INF] Pattern: Terrain Rotation Selector -> : Time: 38.0006 ms. Offset:[28184863] Started searching offset with:0
2025-06-14 16:30:40.678 +02:00 [INF] Pattern: File Root -> : Time: 38.3222 ms. Offset:[32293715] Started searching offset with:0
2025-06-14 16:30:40.678 +02:00 [INF] Pattern: Terrain Rotator Helper -> : Time: 39.7952 ms. Offset:[28184863] Started searching offset with:0
2025-06-14 16:30:40.678 +02:00 [INF] Pattern scan done: 00:00:00.0425465
2025-06-14 16:30:40.678 +02:00 [INF] Area refresh triggered
2025-06-14 16:30:40.678 +02:00 [INF] Plugins from directory AdvancedTooltip loaded in 11 ms.
2025-06-14 16:30:40.678 +02:00 [INF] Plugins from directory AdvancedUberLabLayout loaded in 3 ms.
2025-06-14 16:30:40.678 +02:00 [INF] Plugins from directory AutoOpen loaded in 3 ms.
2025-06-14 16:30:40.678 +02:00 [INF] Plugins from directory AutoQuit loaded in 2 ms.
2025-06-14 16:30:40.678 +02:00 [INF] Plugins from directory BasicFlaskRoutine loaded in 21 ms.
2025-06-14 16:30:40.678 +02:00 [INF] Plugins from directory BuffUtil loaded in 10 ms.
2025-06-14 16:30:40.678 +02:00 [INF] Plugins from directory DevTree loaded in 8 ms.
2025-06-14 16:30:40.678 +02:00 [INF] Plugins from directory DPSMeter loaded in 4 ms.
2025-06-14 16:30:40.679 +02:00 [INF] Plugins from directory EliteBar loaded in 10 ms.
2025-06-14 16:30:40.679 +02:00 [INF] Plugins from directory FullRareSetManager loaded in 7 ms.
2025-06-14 16:30:40.679 +02:00 [INF] Plugins from directory HealthBars loaded in 28 ms.
2025-06-14 16:30:40.679 +02:00 [INF] Plugins from directory HeistIcons loaded in 3 ms.
2025-06-14 16:30:40.679 +02:00 [INF] Plugins from directory HighlightedItems loaded in 8 ms.
2025-06-14 16:30:40.679 +02:00 [INF] Plugins from directory MinimapIcons loaded in 9 ms.
2025-06-14 16:30:40.679 +02:00 [INF] Plugins from directory MiscInformation loaded in 7 ms.
2025-06-14 16:30:40.679 +02:00 [INF] Plugins from directory PassiveSkillTreePlanter loaded in 406 ms.
2025-06-14 16:30:40.679 +02:00 [INF] Plugins from directory PickIt loaded in 21 ms.
2025-06-14 16:30:40.679 +02:00 [INF] Plugins from directory PluginUpdater loaded in 3 ms.
2025-06-14 16:30:40.679 +02:00 [INF] Plugins from directory poe-plugin-willplug loaded in 3 ms.
2025-06-14 16:30:40.679 +02:00 [INF] Plugins from directory PreloadAlert loaded in 61 ms.
2025-06-14 16:30:40.679 +02:00 [INF] Plugins from directory Skill DPS loaded in 3 ms.
2025-06-14 16:30:40.679 +02:00 [INF] Plugins from directory Stashie loaded in 5 ms.
2025-06-14 16:30:40.679 +02:00 [INF] Plugins from directory XPBar loaded in 2 ms.
2025-06-14 16:30:40.679 +02:00 [INF] MiscInformation -> Initialise time: 2.3027 ms.
2025-06-14 16:30:40.679 +02:00 [INF] PreloadAlert -> Initialise time: 0.8173 ms.
2025-06-14 16:30:40.679 +02:00 [INF] HealthBars -> Initialise time: 6.2071 ms.
2025-06-14 16:30:40.679 +02:00 [INF] HighlightedItems -> Initialise time: 1.6834 ms.
2025-06-14 16:30:40.679 +02:00 [INF] MinimapIcons -> Initialise time: 13.5143 ms.
2025-06-14 16:30:40.679 +02:00 [INF] PluginUpdater -> Initialise time: 0.1488 ms.
2025-06-14 16:30:40.679 +02:00 [INF] Skill_DPS.Core -> Initialise time: 0.0039 ms.
2025-06-14 16:30:40.679 +02:00 [INF] BasicFlaskRoutine -> Initialise time: 17.5369 ms.
2025-06-14 16:30:40.679 +02:00 [INF] XPBar -> Initialise time: 0.0366 ms.
2025-06-14 16:30:40.679 +02:00 [INF] HUD loaded in 1323.3964 ms.
2025-06-14 16:30:40.743 +02:00 [INF] Resize from: {X=0,Y=0,Width=3840,Height=2160} to {X=0,Y=730,Width=3840,Height=1430}
2025-06-14 16:31:47.834 +02:00 [INF] Area refresh triggered
2025-06-14 16:39:09.310 +02:00 [ERR] Pickit, Close -> System.NullReferenceException: Object reference not set to an instance of an object.
   at PickIt.PickIt.OnPluginDestroyForHotReload()
   at ExileCore.Shared.PluginWrapper.Close()
2025-06-14 16:39:09.680 +02:00 [INF] Game not found
2025-06-14 16:39:11.517 +02:00 [INF] =============== Close hud at 6/14/2025 4:39:11 PM ===============
2025-06-14 19:22:45.581 +02:00 [INF] =============== Start hud at 6/14/2025 7:22:45 PM ===============
2025-06-14 19:22:45.732 +02:00 [INF] PerfTimer =-> Create new offsets (92.0755 ms) Thread #[1]
2025-06-14 19:22:46.692 +02:00 [INF] PerfTimer =-> Load manual fonts (0.517 ms) Thread #[1]
2025-06-14 19:22:46.692 +02:00 [INF] PerfTimer =-> DX11 Load (1.2658 ms) Thread #[1]
2025-06-14 19:22:47.225 +02:00 [VRB] FileRoot: 7ff61a04db08
2025-06-14 19:22:47.225 +02:00 [VRB] AreaChangeCount: 7ff6191ebee0
2025-06-14 19:22:47.225 +02:00 [VRB] GameStateOffset: 7ff619ed8c88
2025-06-14 19:22:47.225 +02:00 [VRB] DiagnosticInfoTypeOffset: 7ff616d1ff0f
2025-06-14 19:22:47.288 +02:00 [INF] PerfTimer =-> Load files from memory (35.5761 ms) Thread #[1]
2025-06-14 19:22:47.607 +02:00 [WRN] TreeRoutine.Routine.BuildYourOwnRoutine.BuildYourOwnRoutineSettings:TreeRoutine.Routine.BuildYourOwnRoutine.Flask.FlaskSetting[]:FlaskSettings TreeRoutine.Routine.BuildYourOwnRoutine.Flask.FlaskSetting[] is not a supported settings element. This is probably a bug in the plugin.
2025-06-14 19:22:47.610 +02:00 [WRN] TreeRoutine.Routine.BuildYourOwnRoutine.BuildYourOwnRoutineSettings:System.Numerics.Vector2:LastSettingPos <0, 0> is not a supported settings element. This is probably a bug in the plugin.
2025-06-14 19:22:47.610 +02:00 [WRN] TreeRoutine.Routine.BuildYourOwnRoutine.BuildYourOwnRoutineSettings:System.Numerics.Vector2:LastSettingSize <0, 0> is not a supported settings element. This is probably a bug in the plugin.
2025-06-14 19:22:47.626 +02:00 [WRN] TreeRoutine.Routine.BasicFlaskRoutine.BasicFlaskRoutineSettings:TreeRoutine.Routine.BasicFlaskRoutine.Flask.FlaskSetting[]:FlaskSettings TreeRoutine.Routine.BasicFlaskRoutine.Flask.FlaskSetting[] is not a supported settings element. This is probably a bug in the plugin.
2025-06-14 19:22:48.062 +02:00 [WRN] FullRareSetManager.FullRareSetManagerSettings:System.Int32:SetsAmountStatistics 0 is not a supported settings element. This is probably a bug in the plugin.
2025-06-14 19:22:48.079 +02:00 [INF] PerfTimer =-> Preload stats and mods (790.6684 ms) Thread #[17]
2025-06-14 19:22:48.397 +02:00 [WRN] MinimapIcons.MapIconsSettings:System.Single:SizeDefaultIcon 16 is not a supported settings element. This is probably a bug in the plugin.
2025-06-14 19:22:48.908 +02:00 [WRN] PickIt.PickItSettings:System.String:NormalRuleFile  is not a supported settings element. This is probably a bug in the plugin.
2025-06-14 19:22:48.908 +02:00 [WRN] PickIt.PickItSettings:System.String:MagicRuleFile  is not a supported settings element. This is probably a bug in the plugin.
2025-06-14 19:22:48.908 +02:00 [WRN] PickIt.PickItSettings:System.String:RareRuleFile  is not a supported settings element. This is probably a bug in the plugin.
2025-06-14 19:22:48.909 +02:00 [WRN] PickIt.PickItSettings:System.String:UniqueRuleFile  is not a supported settings element. This is probably a bug in the plugin.
2025-06-14 19:22:48.909 +02:00 [WRN] PickIt.PickItSettings:System.String:WeightRuleFile  is not a supported settings element. This is probably a bug in the plugin.
2025-06-14 19:22:48.909 +02:00 [WRN] PickIt.PickItSettings:System.String:IgnoreRuleFile  is not a supported settings element. This is probably a bug in the plugin.
2025-06-14 19:22:48.909 +02:00 [WRN] PickIt.PickItSettings:System.Numerics.Vector2:InventorySlotsVector2 <0, 0> is not a supported settings element. This is probably a bug in the plugin.
2025-06-14 19:22:48.909 +02:00 [WRN] PickIt.PickItSettings:PickIt.PickItSettings+FRSMOverrides:FullRareSetManagerPickupOverrides PickIt.PickItSettings+FRSMOverrides is not a supported settings element. This is probably a bug in the plugin.
2025-06-14 19:22:49.334 +02:00 [WRN] Stashie.StashieSettings:System.Int32[,]:IgnoredCells System.Int32[,] is not a supported settings element. This is probably a bug in the plugin.
2025-06-14 19:22:49.493 +02:00 [INF] PerfTimer =-> Plugin loader (2187.61 ms) Thread #[1]
2025-06-14 19:22:49.557 +02:00 [INF] Pattern: Game State -> : Time: 3.7319 ms. Offset:[853726] Started searching offset with:0
2025-06-14 19:22:49.558 +02:00 [INF] Pattern: BlackBarSize -> : Time: 2.7947 ms. Offset:[4566359] Started searching offset with:0
2025-06-14 19:22:49.558 +02:00 [INF] Pattern: DiagnosticInfoType -> : Time: 19.3723 ms. Offset:[0] Started searching offset with:0
2025-06-14 19:22:49.558 +02:00 [INF] Pattern: Area change -> : Time: 28.8262 ms. Offset:[12637764] Started searching offset with:0
2025-06-14 19:22:49.558 +02:00 [INF] Pattern: Terrain Rotator Helper -> : Time: 62.6445 ms. Offset:[28184863] Started searching offset with:0
2025-06-14 19:22:49.558 +02:00 [INF] Pattern: Terrain Rotation Selector -> : Time: 62.7396 ms. Offset:[28184863] Started searching offset with:0
2025-06-14 19:22:49.558 +02:00 [INF] Pattern: File Root -> : Time: 63.9849 ms. Offset:[32293715] Started searching offset with:0
2025-06-14 19:22:49.558 +02:00 [INF] Pattern scan done: 00:00:00.0678247
2025-06-14 19:22:49.558 +02:00 [INF] Area refresh triggered
2025-06-14 19:22:49.558 +02:00 [INF] Plugins from directory AdvancedTooltip loaded in 69 ms.
2025-06-14 19:22:49.558 +02:00 [INF] Plugins from directory AdvancedUberLabLayout loaded in 50 ms.
2025-06-14 19:22:49.558 +02:00 [INF] Plugins from directory AutoOpen loaded in 50 ms.
2025-06-14 19:22:49.558 +02:00 [INF] Plugins from directory AutoQuit loaded in 26 ms.
2025-06-14 19:22:49.558 +02:00 [INF] Plugins from directory BasicFlaskRoutine loaded in 110 ms.
2025-06-14 19:22:49.558 +02:00 [INF] Plugins from directory BuffUtil loaded in 85 ms.
2025-06-14 19:22:49.558 +02:00 [INF] Plugins from directory DevTree loaded in 150 ms.
2025-06-14 19:22:49.558 +02:00 [INF] Plugins from directory DPSMeter loaded in 55 ms.
2025-06-14 19:22:49.558 +02:00 [INF] Plugins from directory EliteBar loaded in 64 ms.
2025-06-14 19:22:49.558 +02:00 [INF] Plugins from directory FullRareSetManager loaded in 81 ms.
2025-06-14 19:22:49.558 +02:00 [INF] Plugins from directory HealthBars loaded in 127 ms.
2025-06-14 19:22:49.558 +02:00 [INF] Plugins from directory HeistIcons loaded in 47 ms.
2025-06-14 19:22:49.558 +02:00 [INF] Plugins from directory HighlightedItems loaded in 61 ms.
2025-06-14 19:22:49.558 +02:00 [INF] Plugins from directory MinimapIcons loaded in 97 ms.
2025-06-14 19:22:49.558 +02:00 [INF] Plugins from directory MiscInformation loaded in 46 ms.
2025-06-14 19:22:49.558 +02:00 [INF] Plugins from directory PassiveSkillTreePlanter loaded in 330 ms.
2025-06-14 19:22:49.559 +02:00 [INF] Plugins from directory PickIt loaded in 134 ms.
2025-06-14 19:22:49.559 +02:00 [INF] Plugins from directory PluginUpdater loaded in 112 ms.
2025-06-14 19:22:49.559 +02:00 [INF] Plugins from directory poe-plugin-willplug loaded in 60 ms.
2025-06-14 19:22:49.559 +02:00 [INF] Plugins from directory PreloadAlert loaded in 132 ms.
2025-06-14 19:22:49.559 +02:00 [INF] Plugins from directory Skill DPS loaded in 38 ms.
2025-06-14 19:22:49.559 +02:00 [INF] Plugins from directory Stashie loaded in 80 ms.
2025-06-14 19:22:49.559 +02:00 [INF] Plugins from directory XPBar loaded in 15 ms.
2025-06-14 19:22:49.559 +02:00 [INF] MiscInformation -> Initialise time: 2.7874 ms.
2025-06-14 19:22:49.559 +02:00 [INF] PreloadAlert -> Initialise time: 0.6587 ms.
2025-06-14 19:22:49.559 +02:00 [INF] HealthBars -> Initialise time: 6.6155 ms.
2025-06-14 19:22:49.559 +02:00 [INF] HighlightedItems -> Initialise time: 2.74 ms.
2025-06-14 19:22:49.559 +02:00 [INF] MinimapIcons -> Initialise time: 40.8652 ms.
2025-06-14 19:22:49.559 +02:00 [INF] PluginUpdater -> Initialise time: 0.2121 ms.
2025-06-14 19:22:49.559 +02:00 [INF] Skill_DPS.Core -> Initialise time: 0.0388 ms.
2025-06-14 19:22:49.559 +02:00 [INF] BasicFlaskRoutine -> Initialise time: 27.7501 ms.
2025-06-14 19:22:49.559 +02:00 [INF] XPBar -> Initialise time: 0.0334 ms.
2025-06-14 19:22:49.559 +02:00 [INF] HUD loaded in 4138.3234 ms.
2025-06-14 19:22:49.559 +02:00 [INF] Resize from: {X=0,Y=0,Width=3840,Height=2160} to {X=0,Y=730,Width=3840,Height=1430}
2025-06-14 19:23:06.701 +02:00 [INF] Area refresh triggered
2025-06-14 19:23:32.265 +02:00 [INF] Area refresh triggered
2025-06-14 19:23:43.369 +02:00 [ERR] XPBar, PerfomanceRender -> System.NullReferenceException: Object reference not set to an instance of an object.
   at XPBar.Core.Render()
   at ExileCore.Shared.PluginWrapper.PerfomanceRender()
2025-06-14 19:23:43.386 +02:00 [INF] Area refresh triggered
2025-06-14 19:25:08.133 +02:00 [ERR] EntityList -> Address is 0;
2025-06-14 19:25:15.282 +02:00 [INF] PerfTimer =-> Load files from memory (24.237 ms) Thread #[8]
2025-06-14 19:25:15.715 +02:00 [INF] PerfTimer =-> Preload stats and mods (432.632 ms) Thread #[41]
2025-06-14 19:25:16.415 +02:00 [INF] Force area refresh triggered
2025-06-14 19:26:01.956 +02:00 [INF] Area refresh triggered
2025-06-14 19:26:30.665 +02:00 [INF] Area refresh triggered
2025-06-14 19:27:19.604 +02:00 [INF] Area refresh triggered
2025-06-14 19:27:25.947 +02:00 [INF] Area refresh triggered
2025-06-14 19:27:39.290 +02:00 [ERR] Object reference not set to an instance of an object.
2025-06-14 19:28:02.960 +02:00 [ERR] Object reference not set to an instance of an object.
2025-06-14 19:28:46.675 +02:00 [INF] Area refresh triggered
2025-06-14 19:28:49.681 +02:00 [INF] Area refresh triggered
2025-06-14 19:28:51.731 +02:00 [INF] Area refresh triggered
2025-06-14 19:29:59.072 +02:00 [ERR] Object reference not set to an instance of an object.
2025-06-14 19:31:03.325 +02:00 [INF] Area refresh triggered
2025-06-14 19:32:18.208 +02:00 [INF] Area refresh triggered
2025-06-14 19:35:14.369 +02:00 [ERR] EntityList -> Address is 0;
2025-06-14 19:35:40.715 +02:00 [ERR] EntityList -> Address is 0;
2025-06-14 19:35:48.918 +02:00 [INF] PerfTimer =-> Load files from memory (28.9107 ms) Thread #[8]
2025-06-14 19:35:48.923 +02:00 [INF] Force area refresh triggered
2025-06-14 19:35:49.437 +02:00 [INF] PerfTimer =-> Preload stats and mods (518.7231 ms) Thread #[36]
2025-06-14 19:36:34.385 +02:00 [INF] Area refresh triggered
2025-06-14 19:38:46.885 +02:00 [INF] Area refresh triggered
2025-06-14 19:40:39.559 +02:00 [INF] Area refresh triggered
2025-06-14 19:43:48.147 +02:00 [INF] Area refresh triggered
2025-06-14 19:43:59.431 +02:00 [INF] Area refresh triggered
2025-06-14 19:45:39.702 +02:00 [INF] Area refresh triggered
2025-06-14 19:46:47.778 +02:00 [ERR] Object reference not set to an instance of an object.
2025-06-14 19:47:26.288 +02:00 [INF] Area refresh triggered
2025-06-14 19:48:12.169 +02:00 [INF] Area refresh triggered
2025-06-14 19:49:21.745 +02:00 [INF] Area refresh triggered
2025-06-14 19:51:40.224 +02:00 [ERR] EntityList -> Address is 0;
2025-06-14 19:51:46.659 +02:00 [INF] PerfTimer =-> Load files from memory (38.2697 ms) Thread #[8]
2025-06-14 19:51:46.668 +02:00 [INF] Force area refresh triggered
2025-06-14 19:51:47.182 +02:00 [INF] PerfTimer =-> Preload stats and mods (523.2655 ms) Thread #[21]
2025-06-14 19:52:00.719 +02:00 [INF] Area refresh triggered
2025-06-14 19:52:36.286 +02:00 [INF] Area refresh triggered
2025-06-14 19:53:39.155 +02:00 [ERR] Object reference not set to an instance of an object.
2025-06-14 19:54:55.590 +02:00 [INF] Area refresh triggered
2025-06-14 20:00:09.714 +02:00 [ERR] EntityList -> Address is 0;
2025-06-14 20:30:54.869 +02:00 [ERR] EntityList -> Address is 0;
2025-06-14 20:31:01.798 +02:00 [INF] PerfTimer =-> Load files from memory (36.564 ms) Thread #[8]
2025-06-14 20:31:01.803 +02:00 [INF] Force area refresh triggered
2025-06-14 20:31:02.333 +02:00 [INF] PerfTimer =-> Preload stats and mods (534.4214 ms) Thread #[24]
2025-06-14 20:31:10.125 +02:00 [INF] Area refresh triggered
2025-06-14 20:31:15.616 +02:00 [INF] Area refresh triggered
2025-06-14 20:32:34.471 +02:00 [INF] Area refresh triggered
2025-06-14 20:35:55.061 +02:00 [INF] Area refresh triggered
2025-06-14 20:37:53.217 +02:00 [ERR] Object reference not set to an instance of an object.
2025-06-14 20:40:51.976 +02:00 [INF] Area refresh triggered
2025-06-14 20:42:23.103 +02:00 [ERR] XPBar, PerfomanceRender -> System.NullReferenceException: Object reference not set to an instance of an object.
   at XPBar.Core.Render()
   at ExileCore.Shared.PluginWrapper.PerfomanceRender()
2025-06-14 20:42:23.121 +02:00 [INF] Area refresh triggered
2025-06-14 20:43:25.746 +02:00 [INF] Area refresh triggered
2025-06-14 20:44:43.972 +02:00 [INF] Area refresh triggered
2025-06-14 20:45:50.455 +02:00 [INF] Area refresh triggered
2025-06-14 20:46:13.763 +02:00 [INF] Area refresh triggered
2025-06-14 20:47:34.007 +02:00 [INF] Area refresh triggered
2025-06-14 20:50:39.682 +02:00 [ERR] EntityList -> Address is 0;
2025-06-14 20:50:48.318 +02:00 [INF] PerfTimer =-> Load files from memory (27.6058 ms) Thread #[8]
2025-06-14 20:50:48.321 +02:00 [INF] Force area refresh triggered
2025-06-14 20:50:48.871 +02:00 [INF] PerfTimer =-> Preload stats and mods (553.2146 ms) Thread #[22]
2025-06-14 20:50:56.233 +02:00 [INF] Area refresh triggered
2025-06-14 20:51:25.102 +02:00 [INF] Area refresh triggered
2025-06-14 20:52:47.108 +02:00 [INF] Area refresh triggered
2025-06-14 20:53:21.358 +02:00 [ERR] Object reference not set to an instance of an object.
2025-06-14 20:54:43.656 +02:00 [INF] Area refresh triggered
2025-06-14 20:55:33.488 +02:00 [INF] Area refresh triggered
2025-06-14 20:57:54.206 +02:00 [INF] Area refresh triggered
2025-06-14 20:59:38.069 +02:00 [INF] Area refresh triggered
2025-06-14 21:00:30.616 +02:00 [INF] Area refresh triggered
2025-06-14 21:00:47.993 +02:00 [INF] Area refresh triggered
2025-06-14 21:03:16.078 +02:00 [ERR] EntityList -> Address is 0;
2025-06-14 21:03:24.199 +02:00 [INF] PerfTimer =-> Load files from memory (24.2909 ms) Thread #[8]
2025-06-14 21:03:24.621 +02:00 [INF] PerfTimer =-> Preload stats and mods (422.1182 ms) Thread #[33]
2025-06-14 21:03:25.208 +02:00 [INF] Force area refresh triggered
2025-06-14 21:04:44.985 +02:00 [INF] Area refresh triggered
2025-06-14 21:04:54.366 +02:00 [INF] Area refresh triggered
2025-06-14 21:05:24.293 +02:00 [INF] Area refresh triggered
2025-06-14 21:05:59.814 +02:00 [INF] Area refresh triggered
2025-06-14 21:07:45.561 +02:00 [INF] Area refresh triggered
2025-06-14 21:08:23.080 +02:00 [INF] Area refresh triggered
2025-06-14 21:08:59.981 +02:00 [INF] Area refresh triggered
2025-06-14 21:09:47.556 +02:00 [INF] Area refresh triggered
2025-06-14 21:10:17.313 +02:00 [INF] Area refresh triggered
2025-06-14 21:13:04.751 +02:00 [INF] Area refresh triggered
2025-06-14 21:18:00.475 +02:00 [INF] Area refresh triggered
2025-06-14 21:18:12.057 +02:00 [INF] Area refresh triggered
2025-06-14 21:20:40.156 +02:00 [INF] Area refresh triggered
2025-06-14 21:20:50.673 +02:00 [INF] Area refresh triggered
2025-06-14 21:20:50.741 +02:00 [ERR] Object reference not set to an instance of an object.
2025-06-14 21:22:20.620 +02:00 [INF] Area refresh triggered
2025-06-14 21:22:34.042 +02:00 [INF] Area refresh triggered
2025-06-14 21:22:46.655 +02:00 [INF] Area refresh triggered
2025-06-14 21:25:54.762 +02:00 [INF] Area refresh triggered
2025-06-14 21:26:07.612 +02:00 [INF] Area refresh triggered
2025-06-14 21:26:07.640 +02:00 [ERR] Object reference not set to an instance of an object.
2025-06-14 21:29:26.885 +02:00 [INF] Area refresh triggered
2025-06-14 21:29:37.291 +02:00 [INF] Area refresh triggered
2025-06-14 21:29:37.320 +02:00 [ERR] Object reference not set to an instance of an object.
2025-06-14 21:34:54.310 +02:00 [INF] Resize from: {X=0,Y=730,Width=3840,Height=1430} to {X=0,Y=0,Width=2906,Height=1761}
2025-06-14 21:35:01.804 +02:00 [INF] Resize from: {X=0,Y=0,Width=2906,Height=1761} to {X=0,Y=730,Width=3840,Height=1430}
2025-06-14 21:41:18.304 +02:00 [ERR] Object reference not set to an instance of an object.
2025-06-14 21:41:18.340 +02:00 [INF] Area refresh triggered
2025-06-14 21:44:51.894 +02:00 [INF] Area refresh triggered
2025-06-14 21:45:51.047 +02:00 [INF] Area refresh triggered
2025-06-14 21:47:11.297 +02:00 [INF] Willplug -> Initialise time: 32.4097 ms.
2025-06-14 21:47:14.369 +02:00 [INF] =============== Close hud at 6/14/2025 9:47:14 PM ===============
2025-06-14 21:47:43.673 +02:00 [INF] =============== Start hud at 6/14/2025 9:47:43 PM ===============
2025-06-14 21:47:43.697 +02:00 [INF] PerfTimer =-> Create new offsets (0.9573 ms) Thread #[1]
2025-06-14 21:47:43.967 +02:00 [INF] PerfTimer =-> Load manual fonts (0.4472 ms) Thread #[1]
2025-06-14 21:47:43.967 +02:00 [INF] PerfTimer =-> DX11 Load (1.3128 ms) Thread #[1]
2025-06-14 21:47:44.143 +02:00 [VRB] FileRoot: 7ff61a04db08
2025-06-14 21:47:44.143 +02:00 [VRB] AreaChangeCount: 7ff6191ebee0
2025-06-14 21:47:44.143 +02:00 [VRB] GameStateOffset: 7ff619ed8c88
2025-06-14 21:47:44.143 +02:00 [VRB] DiagnosticInfoTypeOffset: 7ff616d1ff0f
2025-06-14 21:47:44.198 +02:00 [INF] PerfTimer =-> Load files from memory (29.8939 ms) Thread #[1]
2025-06-14 21:47:44.242 +02:00 [WRN] TreeRoutine.Routine.BuildYourOwnRoutine.BuildYourOwnRoutineSettings:TreeRoutine.Routine.BuildYourOwnRoutine.Flask.FlaskSetting[]:FlaskSettings TreeRoutine.Routine.BuildYourOwnRoutine.Flask.FlaskSetting[] is not a supported settings element. This is probably a bug in the plugin.
2025-06-14 21:47:44.245 +02:00 [WRN] TreeRoutine.Routine.BuildYourOwnRoutine.BuildYourOwnRoutineSettings:System.Numerics.Vector2:LastSettingPos <0, 0> is not a supported settings element. This is probably a bug in the plugin.
2025-06-14 21:47:44.245 +02:00 [WRN] TreeRoutine.Routine.BuildYourOwnRoutine.BuildYourOwnRoutineSettings:System.Numerics.Vector2:LastSettingSize <0, 0> is not a supported settings element. This is probably a bug in the plugin.
2025-06-14 21:47:44.255 +02:00 [WRN] TreeRoutine.Routine.BasicFlaskRoutine.BasicFlaskRoutineSettings:TreeRoutine.Routine.BasicFlaskRoutine.Flask.FlaskSetting[]:FlaskSettings TreeRoutine.Routine.BasicFlaskRoutine.Flask.FlaskSetting[] is not a supported settings element. This is probably a bug in the plugin.
2025-06-14 21:47:44.292 +02:00 [WRN] FullRareSetManager.FullRareSetManagerSettings:System.Int32:SetsAmountStatistics 0 is not a supported settings element. This is probably a bug in the plugin.
2025-06-14 21:47:44.342 +02:00 [WRN] MinimapIcons.MapIconsSettings:System.Single:SizeDefaultIcon 16 is not a supported settings element. This is probably a bug in the plugin.
2025-06-14 21:47:44.762 +02:00 [WRN] PickIt.PickItSettings:System.String:NormalRuleFile  is not a supported settings element. This is probably a bug in the plugin.
2025-06-14 21:47:44.762 +02:00 [WRN] PickIt.PickItSettings:System.String:MagicRuleFile  is not a supported settings element. This is probably a bug in the plugin.
2025-06-14 21:47:44.762 +02:00 [WRN] PickIt.PickItSettings:System.String:RareRuleFile  is not a supported settings element. This is probably a bug in the plugin.
2025-06-14 21:47:44.762 +02:00 [WRN] PickIt.PickItSettings:System.String:UniqueRuleFile  is not a supported settings element. This is probably a bug in the plugin.
2025-06-14 21:47:44.762 +02:00 [WRN] PickIt.PickItSettings:System.String:WeightRuleFile  is not a supported settings element. This is probably a bug in the plugin.
2025-06-14 21:47:44.763 +02:00 [WRN] PickIt.PickItSettings:System.String:IgnoreRuleFile  is not a supported settings element. This is probably a bug in the plugin.
2025-06-14 21:47:44.763 +02:00 [WRN] PickIt.PickItSettings:System.Numerics.Vector2:InventorySlotsVector2 <0, 0> is not a supported settings element. This is probably a bug in the plugin.
2025-06-14 21:47:44.763 +02:00 [WRN] PickIt.PickItSettings:PickIt.PickItSettings+FRSMOverrides:FullRareSetManagerPickupOverrides PickIt.PickItSettings+FRSMOverrides is not a supported settings element. This is probably a bug in the plugin.
2025-06-14 21:47:44.878 +02:00 [WRN] Stashie.StashieSettings:System.Int32[,]:IgnoredCells System.Int32[,] is not a supported settings element. This is probably a bug in the plugin.
2025-06-14 21:47:44.928 +02:00 [INF] PerfTimer =-> Preload stats and mods (729.8774 ms) Thread #[18]
2025-06-14 21:47:44.935 +02:00 [INF] PerfTimer =-> Plugin loader (722.0028 ms) Thread #[1]
2025-06-14 21:47:44.962 +02:00 [INF] Pattern: BlackBarSize -> : Time: 3.0184 ms. Offset:[4566359] Started searching offset with:0
2025-06-14 21:47:44.963 +02:00 [INF] Pattern: Game State -> : Time: 3.4531 ms. Offset:[853726] Started searching offset with:0
2025-06-14 21:47:44.963 +02:00 [INF] Pattern: DiagnosticInfoType -> : Time: 13.504 ms. Offset:[0] Started searching offset with:0
2025-06-14 21:47:44.963 +02:00 [INF] Pattern: Area change -> : Time: 18.9209 ms. Offset:[12637764] Started searching offset with:0
2025-06-14 21:47:44.963 +02:00 [INF] Pattern: Terrain Rotator Helper -> : Time: 38.2081 ms. Offset:[28184863] Started searching offset with:0
2025-06-14 21:47:44.963 +02:00 [INF] Pattern: Terrain Rotation Selector -> : Time: 38.3774 ms. Offset:[28184863] Started searching offset with:0
2025-06-14 21:47:44.963 +02:00 [INF] Pattern: File Root -> : Time: 41.114 ms. Offset:[32293715] Started searching offset with:0
2025-06-14 21:47:44.963 +02:00 [INF] Pattern scan done: 00:00:00.0443327
2025-06-14 21:47:44.963 +02:00 [INF] Area refresh triggered
2025-06-14 21:47:44.963 +02:00 [INF] Plugins from directory AdvancedTooltip loaded in 10 ms.
2025-06-14 21:47:44.963 +02:00 [INF] Plugins from directory AdvancedUberLabLayout loaded in 3 ms.
2025-06-14 21:47:44.963 +02:00 [INF] Plugins from directory AutoOpen loaded in 3 ms.
2025-06-14 21:47:44.963 +02:00 [INF] Plugins from directory AutoQuit loaded in 1 ms.
2025-06-14 21:47:44.963 +02:00 [INF] Plugins from directory BasicFlaskRoutine loaded in 20 ms.
2025-06-14 21:47:44.963 +02:00 [INF] Plugins from directory BuffUtil loaded in 9 ms.
2025-06-14 21:47:44.963 +02:00 [INF] Plugins from directory DevTree loaded in 8 ms.
2025-06-14 21:47:44.963 +02:00 [INF] Plugins from directory DPSMeter loaded in 3 ms.
2025-06-14 21:47:44.963 +02:00 [INF] Plugins from directory EliteBar loaded in 9 ms.
2025-06-14 21:47:44.963 +02:00 [INF] Plugins from directory FullRareSetManager loaded in 7 ms.
2025-06-14 21:47:44.963 +02:00 [INF] Plugins from directory HealthBars loaded in 29 ms.
2025-06-14 21:47:44.963 +02:00 [INF] Plugins from directory HeistIcons loaded in 3 ms.
2025-06-14 21:47:44.963 +02:00 [INF] Plugins from directory HighlightedItems loaded in 7 ms.
2025-06-14 21:47:44.963 +02:00 [INF] Plugins from directory MinimapIcons loaded in 9 ms.
2025-06-14 21:47:44.963 +02:00 [INF] Plugins from directory MiscInformation loaded in 6 ms.
2025-06-14 21:47:44.964 +02:00 [INF] Plugins from directory PassiveSkillTreePlanter loaded in 367 ms.
2025-06-14 21:47:44.964 +02:00 [INF] Plugins from directory PickIt loaded in 46 ms.
2025-06-14 21:47:44.964 +02:00 [INF] Plugins from directory PluginUpdater loaded in 4 ms.
2025-06-14 21:47:44.964 +02:00 [INF] Plugins from directory poe-plugin-willplug loaded in 66 ms.
2025-06-14 21:47:44.964 +02:00 [INF] Plugins from directory PreloadAlert loaded in 33 ms.
2025-06-14 21:47:44.964 +02:00 [INF] Plugins from directory Skill DPS loaded in 3 ms.
2025-06-14 21:47:44.964 +02:00 [INF] Plugins from directory Stashie loaded in 6 ms.
2025-06-14 21:47:44.964 +02:00 [INF] Plugins from directory XPBar loaded in 2 ms.
2025-06-14 21:47:44.964 +02:00 [INF] MiscInformation -> Initialise time: 1.6534 ms.
2025-06-14 21:47:44.964 +02:00 [INF] PreloadAlert -> Initialise time: 0.9003 ms.
2025-06-14 21:47:44.964 +02:00 [INF] HealthBars -> Initialise time: 5.3549 ms.
2025-06-14 21:47:44.964 +02:00 [INF] HighlightedItems -> Initialise time: 2.3368 ms.
2025-06-14 21:47:44.964 +02:00 [INF] MinimapIcons -> Initialise time: 12.892 ms.
2025-06-14 21:47:44.964 +02:00 [INF] PluginUpdater -> Initialise time: 0.1986 ms.
2025-06-14 21:47:44.964 +02:00 [INF] Skill_DPS.Core -> Initialise time: 0.0052 ms.
2025-06-14 21:47:44.964 +02:00 [INF] BasicFlaskRoutine -> Initialise time: 15.3428 ms.
2025-06-14 21:47:44.964 +02:00 [INF] Willplug -> Initialise time: 11.0421 ms.
2025-06-14 21:47:44.964 +02:00 [INF] XPBar -> Initialise time: 0.0312 ms.
2025-06-14 21:47:44.964 +02:00 [INF] HUD loaded in 1344.9334 ms.
2025-06-14 21:47:44.964 +02:00 [INF] Resize from: {X=0,Y=0,Width=3840,Height=2160} to {X=0,Y=730,Width=3840,Height=1430}
2025-06-14 21:47:58.981 +02:00 [INF] Area refresh triggered
2025-06-14 21:48:00.398 +02:00 [ERR] 1 ActivateBuffIfNotPresent
2025-06-14 21:48:02.241 +02:00 [ERR] 4 ActivateBuffIfNotPresent
2025-06-14 21:48:12.033 +02:00 [ERR] 4 ActivateBuffIfNotPresent
2025-06-14 21:48:26.660 +02:00 [ERR] 4 ActivateBuffIfNotPresent
2025-06-14 21:48:34.019 +02:00 [ERR] 1 ActivateBuffIfNotPresent
2025-06-14 21:48:34.935 +02:00 [ERR] 4 ActivateBuffIfNotPresent
2025-06-14 21:48:35.141 +02:00 [ERR] Skill on cooldown
2025-06-14 21:49:08.821 +02:00 [ERR] 4 ActivateBuffIfNotPresent
2025-06-14 21:49:26.973 +02:00 [INF] Area refresh triggered
2025-06-14 21:56:49.021 +02:00 [INF] Area refresh triggered
2025-06-14 21:58:27.087 +02:00 [INF] Area refresh triggered
2025-06-14 22:00:02.653 +02:00 [INF] Area refresh triggered
2025-06-14 22:04:05.042 +02:00 [INF] Area refresh triggered
2025-06-14 22:06:19.346 +02:00 [INF] Area refresh triggered
2025-06-14 22:09:22.567 +02:00 [INF] Area refresh triggered
2025-06-14 22:09:45.535 +02:00 [ERR] Object reference not set to an instance of an object.
2025-06-14 22:11:07.803 +02:00 [INF] Area refresh triggered
2025-06-14 22:14:43.982 +02:00 [INF] Area refresh triggered
2025-06-14 22:16:01.977 +02:00 [ERR] Object reference not set to an instance of an object.
2025-06-14 22:16:35.204 +02:00 [INF] Area refresh triggered
2025-06-14 22:17:54.880 +02:00 [ERR] EntityList -> Address is 0;
2025-06-14 22:18:17.295 +02:00 [INF] PerfTimer =-> Load files from memory (46.8759 ms) Thread #[8]
2025-06-14 22:18:17.305 +02:00 [INF] Force area refresh triggered
2025-06-14 22:18:18.062 +02:00 [INF] PerfTimer =-> Preload stats and mods (763.4201 ms) Thread #[18]
2025-06-14 22:18:31.188 +02:00 [INF] Area refresh triggered
2025-06-14 22:18:42.734 +02:00 [INF] Area refresh triggered
2025-06-14 22:18:47.699 +02:00 [INF] Area refresh triggered
2025-06-14 22:20:11.036 +02:00 [INF] Area refresh triggered
2025-06-14 22:22:28.116 +02:00 [ERR] Something wrong we parse 45 when expect 13
2025-06-14 22:22:54.455 +02:00 [INF] Area refresh triggered
2025-06-14 22:26:53.798 +02:00 [INF] Area refresh triggered
2025-06-14 22:27:02.259 +02:00 [INF] Area refresh triggered
2025-06-14 22:29:22.836 +02:00 [INF] Area refresh triggered
2025-06-14 22:29:31.931 +02:00 [INF] Area refresh triggered
2025-06-14 22:29:31.979 +02:00 [ERR] Object reference not set to an instance of an object.
2025-06-14 22:30:18.927 +02:00 [ERR] Object reference not set to an instance of an object.
2025-06-14 22:30:26.337 +02:00 [ERR] XPBar, PerfomanceRender -> System.NullReferenceException: Object reference not set to an instance of an object.
   at XPBar.Core.Render()
   at ExileCore.Shared.PluginWrapper.PerfomanceRender()
2025-06-14 22:31:32.389 +02:00 [ERR] XPBar, PerfomanceRender -> System.NullReferenceException: Object reference not set to an instance of an object.
   at XPBar.Core.Render()
   at ExileCore.Shared.PluginWrapper.PerfomanceRender()
2025-06-14 22:31:54.068 +02:00 [INF] Area refresh triggered
2025-06-14 22:32:12.892 +02:00 [INF] Area refresh triggered
2025-06-14 22:32:33.565 +02:00 [INF] Area refresh triggered
2025-06-14 22:34:09.285 +02:00 [INF] Area refresh triggered
2025-06-14 22:34:45.194 +02:00 [ERR] EntityList -> Address is 0;
2025-06-14 22:34:53.495 +02:00 [INF] PerfTimer =-> Load files from memory (53.6941 ms) Thread #[8]
2025-06-14 22:34:53.507 +02:00 [INF] Force area refresh triggered
2025-06-14 22:34:54.286 +02:00 [INF] PerfTimer =-> Preload stats and mods (790.2878 ms) Thread #[19]
2025-06-14 22:35:03.255 +02:00 [INF] Area refresh triggered
2025-06-14 22:35:09.708 +02:00 [INF] Area refresh triggered
2025-06-14 22:35:19.867 +02:00 [INF] Area refresh triggered
2025-06-14 22:35:27.995 +02:00 [INF] Area refresh triggered
2025-06-14 22:37:21.154 +02:00 [INF] Area refresh triggered
2025-06-14 22:38:16.827 +02:00 [INF] Area refresh triggered
2025-06-14 22:41:05.596 +02:00 [ERR] EntityList -> Address is 0;
2025-06-14 22:41:14.661 +02:00 [INF] PerfTimer =-> Load files from memory (25.0808 ms) Thread #[8]
2025-06-14 22:41:15.084 +02:00 [INF] PerfTimer =-> Preload stats and mods (423.3506 ms) Thread #[20]
2025-06-14 22:41:15.452 +02:00 [INF] Force area refresh triggered
2025-06-14 22:41:52.419 +02:00 [INF] Area refresh triggered
2025-06-14 22:42:33.472 +02:00 [INF] Area refresh triggered
2025-06-14 22:44:28.011 +02:00 [INF] Area refresh triggered
2025-06-14 22:46:41.641 +02:00 [INF] Area refresh triggered
2025-06-14 22:49:11.360 +02:00 [ERR] EntityList -> Address is 0;
2025-06-14 22:49:25.912 +02:00 [INF] PerfTimer =-> Load files from memory (36.0957 ms) Thread #[8]
2025-06-14 22:49:26.417 +02:00 [INF] PerfTimer =-> Preload stats and mods (504.9231 ms) Thread #[17]
2025-06-14 22:50:15.207 +02:00 [INF] Force area refresh triggered
2025-06-14 22:50:22.595 +02:00 [INF] Area refresh triggered
2025-06-14 22:57:51.488 +02:00 [INF] Area refresh triggered
2025-06-14 22:57:59.137 +02:00 [INF] =============== Close hud at 6/14/2025 10:57:59 PM ===============
2025-06-14 22:58:04.507 +02:00 [INF] =============== Start hud at 6/14/2025 10:58:04 PM ===============
2025-06-14 22:58:04.654 +02:00 [INF] PerfTimer =-> Create new offsets (94.4176 ms) Thread #[1]
2025-06-14 22:58:05.619 +02:00 [INF] PerfTimer =-> Load manual fonts (0.4237 ms) Thread #[1]
2025-06-14 22:58:05.619 +02:00 [INF] PerfTimer =-> DX11 Load (1.2701 ms) Thread #[1]
2025-06-14 22:58:06.101 +02:00 [VRB] FileRoot: 7ff61a04db08
2025-06-14 22:58:06.101 +02:00 [VRB] AreaChangeCount: 7ff6191ebee0
2025-06-14 22:58:06.101 +02:00 [VRB] GameStateOffset: 7ff619ed8c88
2025-06-14 22:58:06.101 +02:00 [VRB] DiagnosticInfoTypeOffset: 7ff616d1ff0f
2025-06-14 22:58:06.155 +02:00 [INF] PerfTimer =-> Load files from memory (29.6067 ms) Thread #[1]
2025-06-14 22:58:06.397 +02:00 [WRN] TreeRoutine.Routine.BuildYourOwnRoutine.BuildYourOwnRoutineSettings:TreeRoutine.Routine.BuildYourOwnRoutine.Flask.FlaskSetting[]:FlaskSettings TreeRoutine.Routine.BuildYourOwnRoutine.Flask.FlaskSetting[] is not a supported settings element. This is probably a bug in the plugin.
2025-06-14 22:58:06.400 +02:00 [WRN] TreeRoutine.Routine.BuildYourOwnRoutine.BuildYourOwnRoutineSettings:System.Numerics.Vector2:LastSettingPos <0, 0> is not a supported settings element. This is probably a bug in the plugin.
2025-06-14 22:58:06.400 +02:00 [WRN] TreeRoutine.Routine.BuildYourOwnRoutine.BuildYourOwnRoutineSettings:System.Numerics.Vector2:LastSettingSize <0, 0> is not a supported settings element. This is probably a bug in the plugin.
2025-06-14 22:58:06.434 +02:00 [WRN] TreeRoutine.Routine.BasicFlaskRoutine.BasicFlaskRoutineSettings:TreeRoutine.Routine.BasicFlaskRoutine.Flask.FlaskSetting[]:FlaskSettings TreeRoutine.Routine.BasicFlaskRoutine.Flask.FlaskSetting[] is not a supported settings element. This is probably a bug in the plugin.
2025-06-14 22:58:06.849 +02:00 [WRN] FullRareSetManager.FullRareSetManagerSettings:System.Int32:SetsAmountStatistics 0 is not a supported settings element. This is probably a bug in the plugin.
2025-06-14 22:58:06.880 +02:00 [INF] PerfTimer =-> Preload stats and mods (724.4937 ms) Thread #[23]
2025-06-14 22:58:07.163 +02:00 [WRN] MinimapIcons.MapIconsSettings:System.Single:SizeDefaultIcon 16 is not a supported settings element. This is probably a bug in the plugin.
2025-06-14 22:58:07.644 +02:00 [WRN] PickIt.PickItSettings:System.String:NormalRuleFile  is not a supported settings element. This is probably a bug in the plugin.
2025-06-14 22:58:07.644 +02:00 [WRN] PickIt.PickItSettings:System.String:MagicRuleFile  is not a supported settings element. This is probably a bug in the plugin.
2025-06-14 22:58:07.644 +02:00 [WRN] PickIt.PickItSettings:System.String:RareRuleFile  is not a supported settings element. This is probably a bug in the plugin.
2025-06-14 22:58:07.644 +02:00 [WRN] PickIt.PickItSettings:System.String:UniqueRuleFile  is not a supported settings element. This is probably a bug in the plugin.
2025-06-14 22:58:07.644 +02:00 [WRN] PickIt.PickItSettings:System.String:WeightRuleFile  is not a supported settings element. This is probably a bug in the plugin.
2025-06-14 22:58:07.644 +02:00 [WRN] PickIt.PickItSettings:System.String:IgnoreRuleFile  is not a supported settings element. This is probably a bug in the plugin.
2025-06-14 22:58:07.644 +02:00 [WRN] PickIt.PickItSettings:System.Numerics.Vector2:InventorySlotsVector2 <0, 0> is not a supported settings element. This is probably a bug in the plugin.
2025-06-14 22:58:07.645 +02:00 [WRN] PickIt.PickItSettings:PickIt.PickItSettings+FRSMOverrides:FullRareSetManagerPickupOverrides PickIt.PickItSettings+FRSMOverrides is not a supported settings element. This is probably a bug in the plugin.
2025-06-14 22:58:08.053 +02:00 [WRN] Stashie.StashieSettings:System.Int32[,]:IgnoredCells System.Int32[,] is not a supported settings element. This is probably a bug in the plugin.
2025-06-14 22:58:08.186 +02:00 [INF] PerfTimer =-> Plugin loader (2015.1224 ms) Thread #[1]
2025-06-14 22:58:08.251 +02:00 [INF] Pattern: BlackBarSize -> : Time: 2.9237 ms. Offset:[4566359] Started searching offset with:0
2025-06-14 22:58:08.251 +02:00 [INF] Pattern: Game State -> : Time: 3.3271 ms. Offset:[853726] Started searching offset with:0
2025-06-14 22:58:08.251 +02:00 [INF] Pattern: DiagnosticInfoType -> : Time: 16.2476 ms. Offset:[0] Started searching offset with:0
2025-06-14 22:58:08.251 +02:00 [INF] Pattern: Area change -> : Time: 27.0964 ms. Offset:[12637764] Started searching offset with:0
2025-06-14 22:58:08.251 +02:00 [INF] Pattern: Terrain Rotator Helper -> : Time: 58.441 ms. Offset:[28184863] Started searching offset with:0
2025-06-14 22:58:08.251 +02:00 [INF] Pattern: Terrain Rotation Selector -> : Time: 59.7591 ms. Offset:[28184863] Started searching offset with:0
2025-06-14 22:58:08.251 +02:00 [INF] Pattern: File Root -> : Time: 60.996 ms. Offset:[32293715] Started searching offset with:0
2025-06-14 22:58:08.251 +02:00 [INF] Pattern scan done: 00:00:00.0638435
2025-06-14 22:58:08.251 +02:00 [INF] Area refresh triggered
2025-06-14 22:58:08.251 +02:00 [INF] Plugins from directory AdvancedTooltip loaded in 56 ms.
2025-06-14 22:58:08.251 +02:00 [INF] Plugins from directory AdvancedUberLabLayout loaded in 45 ms.
2025-06-14 22:58:08.251 +02:00 [INF] Plugins from directory AutoOpen loaded in 39 ms.
2025-06-14 22:58:08.251 +02:00 [INF] Plugins from directory AutoQuit loaded in 25 ms.
2025-06-14 22:58:08.251 +02:00 [INF] Plugins from directory BasicFlaskRoutine loaded in 94 ms.
2025-06-14 22:58:08.251 +02:00 [INF] Plugins from directory BuffUtil loaded in 81 ms.
2025-06-14 22:58:08.251 +02:00 [INF] Plugins from directory DevTree loaded in 140 ms.
2025-06-14 22:58:08.251 +02:00 [INF] Plugins from directory DPSMeter loaded in 52 ms.
2025-06-14 22:58:08.251 +02:00 [INF] Plugins from directory EliteBar loaded in 63 ms.
2025-06-14 22:58:08.251 +02:00 [INF] Plugins from directory FullRareSetManager loaded in 77 ms.
2025-06-14 22:58:08.251 +02:00 [INF] Plugins from directory HealthBars loaded in 94 ms.
2025-06-14 22:58:08.251 +02:00 [INF] Plugins from directory HeistIcons loaded in 65 ms.
2025-06-14 22:58:08.251 +02:00 [INF] Plugins from directory HighlightedItems loaded in 57 ms.
2025-06-14 22:58:08.251 +02:00 [INF] Plugins from directory MinimapIcons loaded in 96 ms.
2025-06-14 22:58:08.251 +02:00 [INF] Plugins from directory MiscInformation loaded in 42 ms.
2025-06-14 22:58:08.251 +02:00 [INF] Plugins from directory PassiveSkillTreePlanter loaded in 318 ms.
2025-06-14 22:58:08.252 +02:00 [INF] Plugins from directory PickIt loaded in 119 ms.
2025-06-14 22:58:08.252 +02:00 [INF] Plugins from directory PluginUpdater loaded in 117 ms.
2025-06-14 22:58:08.252 +02:00 [INF] Plugins from directory poe-plugin-willplug loaded in 52 ms.
2025-06-14 22:58:08.252 +02:00 [INF] Plugins from directory PreloadAlert loaded in 129 ms.
2025-06-14 22:58:08.252 +02:00 [INF] Plugins from directory Skill DPS loaded in 31 ms.
2025-06-14 22:58:08.252 +02:00 [INF] Plugins from directory Stashie loaded in 76 ms.
2025-06-14 22:58:08.252 +02:00 [INF] Plugins from directory XPBar loaded in 27 ms.
2025-06-14 22:58:08.252 +02:00 [INF] MiscInformation -> Initialise time: 1.637 ms.
2025-06-14 22:58:08.252 +02:00 [INF] PreloadAlert -> Initialise time: 0.5972 ms.
2025-06-14 22:58:08.252 +02:00 [INF] HealthBars -> Initialise time: 5.6741 ms.
2025-06-14 22:58:08.252 +02:00 [INF] HighlightedItems -> Initialise time: 2.3413 ms.
2025-06-14 22:58:08.252 +02:00 [INF] MinimapIcons -> Initialise time: 13.4087 ms.
2025-06-14 22:58:08.252 +02:00 [INF] PluginUpdater -> Initialise time: 0.147 ms.
2025-06-14 22:58:08.252 +02:00 [INF] Skill_DPS.Core -> Initialise time: 0.0044 ms.
2025-06-14 22:58:08.252 +02:00 [INF] BasicFlaskRoutine -> Initialise time: 35.0786 ms.
2025-06-14 22:58:08.252 +02:00 [INF] XPBar -> Initialise time: 0.0317 ms.
2025-06-14 22:58:08.252 +02:00 [INF] HUD loaded in 3887.6913 ms.
2025-06-14 22:58:08.252 +02:00 [INF] Resize from: {X=0,Y=0,Width=3840,Height=2160} to {X=0,Y=730,Width=3840,Height=1430}
2025-06-14 22:58:13.525 +02:00 [INF] Willplug -> Initialise time: 34.6471 ms.
2025-06-14 22:58:13.814 +02:00 [ERR] 1 ActivateBuffIfNotPresent
2025-06-14 22:58:13.817 +02:00 [ERR] 4 ActivateBuffIfNotPresent
2025-06-14 22:58:13.883 +02:00 [ERR] Buff already active
2025-06-14 22:58:15.137 +02:00 [ERR] Skill on cooldown
2025-06-14 22:58:25.102 +02:00 [ERR] Skill on cooldown
2025-06-14 22:58:47.974 +02:00 [INF] Area refresh triggered
2025-06-14 22:58:56.651 +02:00 [ERR] Skill on cooldown
2025-06-14 22:59:29.350 +02:00 [ERR] Skill on cooldown
2025-06-14 22:59:55.186 +02:00 [ERR] Skill on cooldown
2025-06-14 23:00:21.959 +02:00 [ERR] 1 ActivateBuffIfNotPresent
2025-06-14 23:00:21.959 +02:00 [ERR] 4 ActivateBuffIfNotPresent
2025-06-14 23:00:21.960 +02:00 [ERR] Buff already active
2025-06-14 23:00:22.478 +02:00 [ERR] Skill on cooldown
2025-06-14 23:01:13.680 +02:00 [INF] Area refresh triggered
2025-06-14 23:01:29.264 +02:00 [ERR] Buff already active
2025-06-14 23:01:35.744 +02:00 [ERR] Skill on cooldown
2025-06-14 23:01:44.856 +02:00 [ERR] Skill on cooldown
2025-06-14 23:01:54.214 +02:00 [ERR] 1 ActivateBuffIfNotPresent
2025-06-14 23:01:54.214 +02:00 [ERR] 4 ActivateBuffIfNotPresent
2025-06-14 23:01:54.283 +02:00 [ERR] Buff already active
2025-06-14 23:01:55.605 +02:00 [ERR] Skill on cooldown
2025-06-14 23:02:23.729 +02:00 [INF] Area refresh triggered
2025-06-14 23:04:23.998 +02:00 [INF] Area refresh triggered
2025-06-14 23:04:49.917 +02:00 [INF] Area refresh triggered
2025-06-14 23:05:19.712 +02:00 [INF] Area refresh triggered
2025-06-14 23:06:51.050 +02:00 [INF] Area refresh triggered
2025-06-14 23:10:32.200 +02:00 [INF] Area refresh triggered
2025-06-14 23:12:31.984 +02:00 [ERR] EntityList -> Address is 0;
2025-06-14 23:12:38.600 +02:00 [INF] PerfTimer =-> Load files from memory (27.9026 ms) Thread #[8]
2025-06-14 23:12:38.605 +02:00 [INF] Force area refresh triggered
2025-06-14 23:12:39.235 +02:00 [INF] PerfTimer =-> Preload stats and mods (635.1321 ms) Thread #[14]
2025-06-14 23:12:55.395 +02:00 [INF] Area refresh triggered
2025-06-14 23:13:12.638 +02:00 [INF] Area refresh triggered
2025-06-14 23:13:42.537 +02:00 [ERR] Something wrong we parse 1674 when expect 211
2025-06-14 23:14:15.159 +02:00 [ERR] [BasicFlaskRoutine] BasicFlaskRoutine: Exception! Printscreen this and post it.
Object reference not set to an instance of an object.
   at TreeRoutine.DefaultBehaviors.Helpers.PlayerHelper`2.isHealthBelowPercentage(Int32 healthPercentage) in BasicFlaskRoutine/TreeRoutine/DefaultBehaviors/Helpers/PlayerHelper.cs:line 20
   at TreeRoutine.Routine.BasicFlaskRoutine.BasicFlaskRoutine.<CreateOffensivePotionComposite>b__40_0(Object x) in BasicFlaskRoutine/BasicFlaskRoutine/BasicFlaskRoutine.cs:line 245
   at TreeRoutine.TreeSharp.Decorator.Execute(Object context)+MoveNext() in BasicFlaskRoutine/TreeRoutine/TreeSharp/Decorator.cs:line 65
   at TreeRoutine.TreeSharp.Composite.Tick(Object context) in BasicFlaskRoutine/TreeRoutine/TreeSharp/Composite.cs:line 143
   at TreeRoutine.TreeSharp.PrioritySelector.Execute(Object context)+MoveNext() in BasicFlaskRoutine/TreeRoutine/TreeSharp/PrioritySelector.cs:line 60
   at TreeRoutine.TreeSharp.Composite.Tick(Object context) in BasicFlaskRoutine/TreeRoutine/TreeSharp/Composite.cs:line 143
   at TreeRoutine.TreeSharp.PrioritySelector.Execute(Object context)+MoveNext() in BasicFlaskRoutine/TreeRoutine/TreeSharp/PrioritySelector.cs:line 60
   at TreeRoutine.TreeSharp.Composite.Tick(Object context) in BasicFlaskRoutine/TreeRoutine/TreeSharp/Composite.cs:line 143
   at TreeRoutine.TreeSharp.Decorator.Execute(Object context)+MoveNext() in BasicFlaskRoutine/TreeRoutine/TreeSharp/Decorator.cs:line 78
   at TreeRoutine.TreeSharp.Composite.Tick(Object context) in BasicFlaskRoutine/TreeRoutine/TreeSharp/Composite.cs:line 143
   at TreeRoutine.BaseTreeRoutinePlugin`2.TickTree(Composite treeRoot) in BasicFlaskRoutine/TreeRoutine/BaseTreeRoutinePlugin.cs:line 120
2025-06-14 23:14:15.193 +02:00 [ERR] EntityList -> Address is 0;
2025-06-14 23:14:25.388 +02:00 [INF] PerfTimer =-> Load files from memory (32.4321 ms) Thread #[8]
2025-06-14 23:14:25.394 +02:00 [INF] Force area refresh triggered
2025-06-14 23:14:25.952 +02:00 [INF] PerfTimer =-> Preload stats and mods (563.7825 ms) Thread #[19]
2025-06-14 23:21:34.362 +02:00 [INF] Area refresh triggered
2025-06-14 23:21:45.086 +02:00 [INF] Area refresh triggered
2025-06-14 23:23:03.159 +02:00 [INF] Area refresh triggered
2025-06-14 23:23:22.574 +02:00 [INF] Area refresh triggered
2025-06-14 23:24:38.357 +02:00 [INF] Area refresh triggered
2025-06-14 23:25:52.600 +02:00 [INF] Area refresh triggered
2025-06-14 23:26:31.630 +02:00 [INF] Area refresh triggered
2025-06-14 23:28:27.934 +02:00 [INF] Area refresh triggered
2025-06-14 23:30:42.342 +02:00 [INF] Area refresh triggered
2025-06-14 23:31:07.860 +02:00 [INF] Area refresh triggered
2025-06-14 23:31:14.697 +02:00 [ERR] Unable to process 5 entity candidate addresses due to the configured limit of 10000
2025-06-14 23:33:11.817 +02:00 [ERR] EntityList -> Address is 0;
2025-06-14 23:33:20.795 +02:00 [INF] PerfTimer =-> Load files from memory (32.3506 ms) Thread #[8]
2025-06-14 23:33:20.802 +02:00 [INF] Force area refresh triggered
2025-06-14 23:33:21.396 +02:00 [INF] PerfTimer =-> Preload stats and mods (600.8206 ms) Thread #[27]
2025-06-14 23:34:21.123 +02:00 [INF] Area refresh triggered
2025-06-14 23:34:56.164 +02:00 [INF] Area refresh triggered
2025-06-14 23:36:31.707 +02:00 [ERR] EntityList -> Address is 0;
2025-06-14 23:36:51.019 +02:00 [INF] PerfTimer =-> Load files from memory (35.4414 ms) Thread #[8]
2025-06-14 23:36:51.025 +02:00 [INF] Force area refresh triggered
2025-06-14 23:36:51.575 +02:00 [INF] PerfTimer =-> Preload stats and mods (556.1452 ms) Thread #[26]
2025-06-14 23:37:12.994 +02:00 [INF] Area refresh triggered
2025-06-14 23:38:18.172 +02:00 [INF] Area refresh triggered
2025-06-14 23:39:06.536 +02:00 [INF] Area refresh triggered
2025-06-14 23:39:54.888 +02:00 [ERR] EntityList -> Address is 0;
2025-06-14 23:40:07.352 +02:00 [INF] PerfTimer =-> Load files from memory (24.0427 ms) Thread #[8]
2025-06-14 23:40:07.777 +02:00 [INF] PerfTimer =-> Preload stats and mods (424.7003 ms) Thread #[23]
2025-06-14 23:40:20.864 +02:00 [INF] Force area refresh triggered
2025-06-14 23:40:29.408 +02:00 [INF] Area refresh triggered
2025-06-14 23:40:57.518 +02:00 [INF] Area refresh triggered
2025-06-14 23:41:56.346 +02:00 [ERR] Something wrong we parse 67 when expect 33
2025-06-14 23:41:59.107 +02:00 [ERR] Object reference not set to an instance of an object.
2025-06-14 23:42:09.923 +02:00 [ERR] Object reference not set to an instance of an object.
2025-06-14 23:42:20.506 +02:00 [ERR] Object reference not set to an instance of an object.
2025-06-14 23:43:12.523 +02:00 [INF] Area refresh triggered
2025-06-14 23:44:15.005 +02:00 [ERR] EntityList -> Address is 0;
2025-06-14 23:44:20.970 +02:00 [INF] PerfTimer =-> Load files from memory (29.3643 ms) Thread #[8]
2025-06-14 23:44:20.974 +02:00 [INF] Force area refresh triggered
2025-06-14 23:44:21.557 +02:00 [INF] PerfTimer =-> Preload stats and mods (586.8796 ms) Thread #[20]
2025-06-14 23:44:35.531 +02:00 [INF] Area refresh triggered
2025-06-14 23:45:06.554 +02:00 [INF] Area refresh triggered
2025-06-14 23:45:58.248 +02:00 [ERR] EntityList -> Address is 0;
2025-06-14 23:46:48.654 +02:00 [ERR] EntityList -> Address is 0;
2025-06-14 23:46:53.317 +02:00 [INF] PerfTimer =-> Load files from memory (41.6594 ms) Thread #[8]
2025-06-14 23:46:53.322 +02:00 [INF] Force area refresh triggered
2025-06-14 23:46:53.870 +02:00 [INF] PerfTimer =-> Preload stats and mods (553.3025 ms) Thread #[24]
2025-06-14 23:47:07.546 +02:00 [INF] Area refresh triggered
2025-06-14 23:47:18.304 +02:00 [INF] Area refresh triggered
2025-06-14 23:48:59.676 +02:00 [ERR] EntityList -> Address is 0;
2025-06-14 23:49:06.301 +02:00 [INF] PerfTimer =-> Load files from memory (22.0979 ms) Thread #[8]
2025-06-14 23:49:06.306 +02:00 [INF] Force area refresh triggered
2025-06-14 23:49:06.843 +02:00 [INF] PerfTimer =-> Preload stats and mods (540.9923 ms) Thread #[32]
2025-06-14 23:50:26.870 +02:00 [INF] Area refresh triggered
2025-06-14 23:55:14.805 +02:00 [INF] Area refresh triggered
2025-06-14 23:55:31.168 +02:00 [INF] Area refresh triggered
2025-06-14 23:57:37.711 +02:00 [INF] Area refresh triggered
